app_id,name,visual_style,genre,release_year,positive_pct,owners_estimate,total_reviews,price_usd,is_free
200000,IndieGame_0000,Low Poly,Adventure,2020,85.6,30902,1010,9.99,0
200001,IndieGame_0001,Hand-Drawn,RPG,2025,88.2,130197,5986,14.99,0
200002,IndieGame_0002,Pixel Art,RPG,2023,84.8,402593,6188,14.99,0
200003,IndieGame_0003,Hand-Drawn,Puzzle,2021,68.3,19069,997,12.99,0
200004,IndieGame_0004,Hand-Drawn,Platformer,2017,94.1,46435,2172,14.99,0
200005,IndieGame_0005,Hand-Drawn,Puzzle,2017,84.6,60045,1236,9.99,0
200006,IndieGame_0006,Low Poly,Adventure,2016,71.3,10864,187,12.99,0
200007,IndieGame_0007,Low Poly,Adventure,2024,76.4,117926,3044,4.99,0
200008,IndieGame_0008,Low Poly,Puzzle,2022,57.2,24328,1430,7.99,0
200009,IndieGame_0009,Realistic,Platformer,2022,74.1,35594,813,4.99,0
200010,IndieGame_0010,Cartoon,Roguelike,2015,65.7,45348,1487,7.99,0
200011,IndieGame_0011,Minimalist,Puzzle,2025,66.5,25208,289,4.99,0
200012,IndieGame_0012,Voxel,Adventure,2023,55.8,37680,1125,19.99,0
200013,IndieGame_0013,Pixel Art,Platformer,2018,89.1,65622,2530,4.99,0
200014,IndieGame_0014,Pixel Art,Adventure,2018,71.7,54403,3136,0.99,0
200015,IndieGame_0015,Pixel Art,Platformer,2018,93.3,35463,1270,7.99,0
200016,IndieGame_0016,Minimalist,Platformer,2019,74.6,95375,4859,0.0,1
200017,IndieGame_0017,Cartoon,Horror,2021,58.9,567391,21195,0.99,0
200018,IndieGame_0018,Pixel Art,Puzzle,2020,66.8,100536,1210,2.99,0
200019,IndieGame_0019,Psychedelic,Puzzle,2019,85.4,132187,3403,7.99,0
200020,IndieGame_0020,Pixel Art,Puzzle,2022,76.4,16028,621,7.99,0
200021,IndieGame_0021,Psychedelic,Platformer,2017,67.5,48336,2780,12.99,0
200022,IndieGame_0022,Hand-Drawn,Platformer,2019,83.6,19294,1021,12.99,0
200023,IndieGame_0023,Pixel Art,Adventure,2019,83.0,14444,309,7.99,0
200024,IndieGame_0024,Hand-Drawn,RPG,2020,93.2,29648,622,4.99,0
200025,IndieGame_0025,Pixel Art,Puzzle,2023,92.5,355288,7126,4.99,0
200026,IndieGame_0026,Pixel Art,Horror,2018,74.4,265780,14916,12.99,0
200027,IndieGame_0027,Pixel Art,Simulation,2021,64.7,113778,5988,0.0,1
200028,IndieGame_0028,Cartoon,Adventure,2021,71.9,12397,604,0.0,1
200029,IndieGame_0029,Low Poly,Adventure,2016,77.6,45828,1358,12.99,0
200030,IndieGame_0030,Pixel Art,Action,2022,68.4,122081,4299,7.99,0
200031,IndieGame_0031,Low Poly,Puzzle,2017,65.4,71599,2378,2.99,0
200032,IndieGame_0032,Minimalist,Roguelike,2016,83.4,7112,161,4.99,0
200033,IndieGame_0033,Pixel Art,Adventure,2024,77.5,29202,1029,14.99,0
200034,IndieGame_0034,Hand-Drawn,Action,2025,82.3,66671,768,14.99,0
200035,IndieGame_0035,Pixel Art,Simulation,2023,70.4,161774,2683,9.99,0
200036,IndieGame_0036,Pixel Art,Horror,2019,75.7,6093,331,7.99,0
200037,IndieGame_0037,Minimalist,Simulation,2016,70.8,53508,2546,7.99,0
200038,IndieGame_0038,Pixel Art,Roguelike,2022,86.9,100918,3142,19.99,0
200039,IndieGame_0039,Low Poly,Puzzle,2020,85.4,160770,5764,19.99,0
200040,IndieGame_0040,Minimalist,Platformer,2017,61.5,149278,4254,2.99,0
200041,IndieGame_0041,Pixel Art,Action,2021,68.7,171012,8044,12.99,0
200042,IndieGame_0042,Low Poly,Platformer,2015,60.0,22209,1092,2.99,0
200043,IndieGame_0043,Pixel Art,Simulation,2024,71.5,8611,414,2.99,0
200044,IndieGame_0044,Voxel,Simulation,2018,70.2,23710,1093,9.99,0
200045,IndieGame_0045,Hand-Drawn,RPG,2022,67.5,239516,4844,7.99,0
200046,IndieGame_0046,Cartoon,RPG,2019,66.8,415239,11169,14.99,0
200047,IndieGame_0047,Low Poly,Horror,2021,65.0,136060,4556,0.99,0
200048,IndieGame_0048,Pixel Art,Roguelike,2021,80.1,142289,3776,7.99,0
200049,IndieGame_0049,Minimalist,RPG,2018,80.7,102509,4894,14.99,0
200050,IndieGame_0050,Voxel,RPG,2025,63.8,19496,516,14.99,0
200051,IndieGame_0051,Low Poly,Roguelike,2023,76.8,49618,839,2.99,0
200052,IndieGame_0052,Cartoon,Adventure,2024,70.5,578010,17312,4.99,0
200053,IndieGame_0053,Cartoon,RPG,2024,73.3,25169,1484,9.99,0
200054,IndieGame_0054,Pixel Art,Adventure,2021,94.7,590155,12566,2.99,0
200055,IndieGame_0055,Pixel Art,Adventure,2024,91.4,57755,2345,19.99,0
200056,IndieGame_0056,Low Poly,Puzzle,2016,62.0,284564,9006,14.99,0
200057,IndieGame_0057,Hand-Drawn,Adventure,2018,90.3,13309,180,2.99,0
200058,IndieGame_0058,Cartoon,Adventure,2016,84.1,157558,5419,0.99,0
200059,IndieGame_0059,Psychedelic,RPG,2019,61.5,16523,745,0.99,0
200060,IndieGame_0060,Hand-Drawn,Adventure,2020,90.2,13175,469,14.99,0
200061,IndieGame_0061,Pixel Art,Platformer,2019,93.4,110486,5922,2.99,0
200062,IndieGame_0062,Realistic,Roguelike,2023,58.8,151113,3694,7.99,0
200063,IndieGame_0063,Pixel Art,RPG,2019,68.8,30837,441,7.99,0
200064,IndieGame_0064,Cartoon,Roguelike,2019,86.2,12908,733,9.99,0
200065,IndieGame_0065,Hand-Drawn,Action,2021,84.7,64486,1864,0.0,1
200066,IndieGame_0066,Minimalist,RPG,2017,85.5,58525,2271,2.99,0
200067,IndieGame_0067,Pixel Art,Adventure,2023,81.4,164126,8140,14.99,0
200068,IndieGame_0068,Minimalist,Platformer,2016,83.9,203141,5325,14.99,0
200069,IndieGame_0069,Hand-Drawn,Roguelike,2025,68.7,67045,3071,12.99,0
200070,IndieGame_0070,Low Poly,RPG,2023,85.5,537563,9015,0.0,1
200071,IndieGame_0071,Pixel Art,Platformer,2018,89.7,111244,2732,4.99,0
200072,IndieGame_0072,Realistic,Roguelike,2015,67.7,29694,511,9.99,0
200073,IndieGame_0073,Cartoon,Action,2023,75.6,11277,570,4.99,0
200074,IndieGame_0074,Pixel Art,Simulation,2022,62.7,62020,1310,14.99,0
200075,IndieGame_0075,Pixel Art,Horror,2023,83.1,56768,2603,9.99,0
200076,IndieGame_0076,Pixel Art,Horror,2023,83.7,269082,15382,0.0,1
200077,IndieGame_0077,Minimalist,Action,2016,79.4,113223,4120,14.99,0
200078,IndieGame_0078,Low Poly,Simulation,2019,86.2,14086,521,19.99,0
200079,IndieGame_0079,Low Poly,Puzzle,2017,71.7,71317,2357,0.0,1
200080,IndieGame_0080,Pixel Art,Simulation,2024,83.6,190278,5003,9.99,0
200081,IndieGame_0081,Hand-Drawn,Puzzle,2022,71.8,450475,15218,4.99,0
200082,IndieGame_0082,Low Poly,RPG,2019,74.8,168249,6753,7.99,0
200083,IndieGame_0083,Hand-Drawn,Puzzle,2016,80.3,179411,10638,2.99,0
200084,IndieGame_0084,Voxel,Horror,2019,73.3,40841,2323,9.99,0
200085,IndieGame_0085,Pixel Art,Horror,2019,74.3,135453,7193,19.99,0
200086,IndieGame_0086,Minimalist,Platformer,2023,78.7,291136,15854,7.99,0
200087,IndieGame_0087,Hand-Drawn,Puzzle,2022,90.3,14546,485,0.99,0
200088,IndieGame_0088,Hand-Drawn,Platformer,2024,77.6,47339,2029,9.99,0
200089,IndieGame_0089,Minimalist,Horror,2020,63.9,25720,1408,4.99,0
200090,IndieGame_0090,Minimalist,Roguelike,2017,97.5,102449,3037,14.99,0
200091,IndieGame_0091,Voxel,Roguelike,2022,84.8,166309,9660,7.99,0
200092,IndieGame_0092,Pixel Art,Simulation,2023,65.1,41524,1278,2.99,0
200093,IndieGame_0093,Pixel Art,Simulation,2021,84.9,4827,193,2.99,0
200094,IndieGame_0094,Realistic,Simulation,2023,65.0,27439,1248,12.99,0
200095,IndieGame_0095,Low Poly,Puzzle,2021,77.6,173575,9985,4.99,0
200096,IndieGame_0096,Pixel Art,Simulation,2021,80.9,162034,3602,12.99,0
200097,IndieGame_0097,Pixel Art,Puzzle,2020,75.7,142092,6721,2.99,0
200098,IndieGame_0098,Pixel Art,Puzzle,2015,70.2,60743,2189,4.99,0
200099,IndieGame_0099,Cartoon,Adventure,2017,69.1,16808,393,7.99,0
200100,IndieGame_0100,Pixel Art,Adventure,2015,68.8,157748,7702,14.99,0
200101,IndieGame_0101,Hand-Drawn,Puzzle,2022,73.7,26457,995,14.99,0
200102,IndieGame_0102,Pixel Art,Roguelike,2019,77.3,1168606,50306,2.99,0
200103,IndieGame_0103,Hand-Drawn,Platformer,2021,74.8,142775,3732,4.99,0
200104,IndieGame_0104,Pixel Art,Horror,2024,84.8,42345,1442,2.99,0
200105,IndieGame_0105,Low Poly,Horror,2018,89.9,27848,1138,7.99,0
200106,IndieGame_0106,Pixel Art,RPG,2020,72.2,76029,2299,7.99,0
200107,IndieGame_0107,Cartoon,Action,2023,78.4,58516,1165,14.99,0
200108,IndieGame_0108,Pixel Art,Adventure,2018,83.0,324683,18858,14.99,0
200109,IndieGame_0109,Low Poly,Puzzle,2016,79.7,72540,2580,7.99,0
200110,IndieGame_0110,Cartoon,Action,2019,76.8,32419,1513,7.99,0
200111,IndieGame_0111,Minimalist,Adventure,2017,87.4,628236,19194,14.99,0
200112,IndieGame_0112,Low Poly,RPG,2024,79.8,61535,1708,12.99,0
200113,IndieGame_0113,Hand-Drawn,Horror,2023,69.6,181140,5499,0.0,1
200114,IndieGame_0114,Hand-Drawn,Platformer,2022,90.7,34701,1056,4.99,0
200115,IndieGame_0115,Minimalist,Puzzle,2024,88.9,100496,3739,7.99,0
200116,IndieGame_0116,Voxel,RPG,2023,63.4,55197,2051,2.99,0
200117,IndieGame_0117,Minimalist,Horror,2018,80.4,6731,234,2.99,0
200118,IndieGame_0118,Low Poly,Roguelike,2024,81.8,651171,10900,0.0,1
200119,IndieGame_0119,Realistic,Adventure,2021,67.9,211756,7369,9.99,0
200120,IndieGame_0120,Hand-Drawn,Puzzle,2023,92.7,44702,824,4.99,0
200121,IndieGame_0121,Pixel Art,Action,2024,100.0,22644,369,0.0,1
200122,IndieGame_0122,Low Poly,Roguelike,2019,67.1,88015,4984,4.99,0
200123,IndieGame_0123,Voxel,Horror,2017,57.2,42166,1697,12.99,0
200124,IndieGame_0124,Pixel Art,Roguelike,2018,81.0,130249,5597,14.99,0
200125,IndieGame_0125,Minimalist,Simulation,2020,87.2,81800,2461,7.99,0
200126,IndieGame_0126,Pixel Art,Platformer,2023,75.7,156044,8652,7.99,0
200127,IndieGame_0127,Low Poly,Horror,2024,89.5,329379,13799,19.99,0
200128,IndieGame_0128,Pixel Art,Roguelike,2015,64.6,168069,8144,2.99,0
200129,IndieGame_0129,Hand-Drawn,Adventure,2021,88.9,20431,580,2.99,0
200130,IndieGame_0130,Realistic,Platformer,2020,63.9,230843,13389,4.99,0
200131,IndieGame_0131,Hand-Drawn,Puzzle,2018,99.2,515637,26309,2.99,0
200132,IndieGame_0132,Minimalist,Simulation,2017,99.9,2855080,150455,4.99,0
200133,IndieGame_0133,Realistic,Horror,2019,62.3,11686,217,14.99,0
200134,IndieGame_0134,Psychedelic,RPG,2024,67.5,53535,1260,9.99,0
200135,IndieGame_0135,Pixel Art,Platformer,2019,86.6,6987,169,7.99,0
200136,IndieGame_0136,Hand-Drawn,Action,2021,78.1,139832,3292,14.99,0
200137,IndieGame_0137,Pixel Art,Adventure,2022,77.5,44027,2323,0.0,1
200138,IndieGame_0138,Voxel,Horror,2019,71.3,382114,4430,2.99,0
200139,IndieGame_0139,Psychedelic,Action,2025,53.8,15789,217,9.99,0
200140,IndieGame_0140,Low Poly,Platformer,2025,74.9,7640,181,9.99,0
200141,IndieGame_0141,Cartoon,Horror,2018,69.1,44309,885,0.0,1
200142,IndieGame_0142,Low Poly,Simulation,2021,70.1,5418,116,7.99,0
200143,IndieGame_0143,Minimalist,RPG,2019,94.4,160085,7987,9.99,0
200144,IndieGame_0144,Pixel Art,RPG,2019,65.4,7131,272,9.99,0
200145,IndieGame_0145,Realistic,Action,2015,78.1,46563,479,9.99,0
200146,IndieGame_0146,Pixel Art,Puzzle,2022,75.2,7023,220,4.99,0
200147,IndieGame_0147,Cartoon,Puzzle,2021,73.2,53109,1614,0.99,0
200148,IndieGame_0148,Realistic,Simulation,2016,77.9,323343,5075,7.99,0
200149,IndieGame_0149,Minimalist,RPG,2019,83.4,100199,4389,0.99,0
200150,IndieGame_0150,Pixel Art,Action,2024,83.7,30158,1360,14.99,0
200151,IndieGame_0151,Pixel Art,Action,2018,87.7,81876,3769,7.99,0
200152,IndieGame_0152,Pixel Art,Horror,2017,74.7,86857,4032,4.99,0
200153,IndieGame_0153,Hand-Drawn,Horror,2021,75.9,126953,1269,12.99,0
200154,IndieGame_0154,Pixel Art,Action,2025,67.1,16484,951,7.99,0
200155,IndieGame_0155,Psychedelic,Horror,2018,64.7,81447,4130,4.99,0
200156,IndieGame_0156,Low Poly,Platformer,2022,100.0,2259,124,12.99,0
200157,IndieGame_0157,Pixel Art,Horror,2023,90.4,39916,430,14.99,0
200158,IndieGame_0158,Hand-Drawn,Simulation,2018,68.5,40074,2271,9.99,0
200159,IndieGame_0159,Hand-Drawn,Puzzle,2023,68.8,153954,7773,0.0,1
200160,IndieGame_0160,Low Poly,Puzzle,2019,79.8,59596,3090,9.99,0
200161,IndieGame_0161,Low Poly,Platformer,2022,80.5,10737,157,12.99,0
200162,IndieGame_0162,Psychedelic,Adventure,2022,78.5,12266,575,2.99,0
200163,IndieGame_0163,Hand-Drawn,Platformer,2021,79.5,91385,5299,2.99,0
200164,IndieGame_0164,Voxel,Simulation,2016,69.7,34560,1518,14.99,0
200165,IndieGame_0165,Cartoon,Action,2023,79.3,38929,1499,0.0,1
200166,IndieGame_0166,Pixel Art,Platformer,2019,78.9,47734,2734,12.99,0
200167,IndieGame_0167,Psychedelic,Action,2018,50.8,92229,2964,7.99,0
200168,IndieGame_0168,Pixel Art,Simulation,2016,75.7,45669,1825,7.99,0
200169,IndieGame_0169,Cartoon,Roguelike,2021,67.5,70175,2373,0.0,1
200170,IndieGame_0170,Hand-Drawn,Simulation,2022,83.8,973200,55124,12.99,0
200171,IndieGame_0171,Cartoon,RPG,2015,100.0,14129,195,4.99,0
200172,IndieGame_0172,Cartoon,Action,2021,79.7,8452,296,9.99,0
200173,IndieGame_0173,Cartoon,Puzzle,2018,72.9,199739,8857,9.99,0
200174,IndieGame_0174,Realistic,Platformer,2022,79.2,19931,988,9.99,0
200175,IndieGame_0175,Pixel Art,Roguelike,2017,82.8,58018,2271,19.99,0
200176,IndieGame_0176,Pixel Art,Simulation,2022,82.2,33290,1845,9.99,0
200177,IndieGame_0177,Hand-Drawn,Action,2020,88.1,52715,3010,7.99,0
200178,IndieGame_0178,Pixel Art,Roguelike,2024,98.6,578765,7648,19.99,0
200179,IndieGame_0179,Minimalist,Adventure,2017,68.7,170194,5125,9.99,0
200180,IndieGame_0180,Hand-Drawn,RPG,2019,86.7,202620,2263,4.99,0
200181,IndieGame_0181,Voxel,Adventure,2017,61.7,6945,183,0.99,0
200182,IndieGame_0182,Minimalist,Simulation,2024,85.6,16329,601,12.99,0
200183,IndieGame_0183,Cartoon,Adventure,2024,66.8,2585,143,4.99,0
200184,IndieGame_0184,Pixel Art,Adventure,2018,73.8,32181,1683,9.99,0
200185,IndieGame_0185,Cartoon,RPG,2022,73.0,245857,4025,7.99,0
200186,IndieGame_0186,Psychedelic,RPG,2023,82.8,74382,1089,2.99,0
200187,IndieGame_0187,Hand-Drawn,Horror,2021,91.2,55193,2178,9.99,0
200188,IndieGame_0188,Low Poly,RPG,2021,62.5,56468,2067,0.0,1
200189,IndieGame_0189,Realistic,Roguelike,2018,70.5,19687,459,7.99,0
200190,IndieGame_0190,Pixel Art,Horror,2016,70.9,108675,5974,9.99,0
200191,IndieGame_0191,Low Poly,RPG,2024,62.4,145401,8196,7.99,0
200192,IndieGame_0192,Hand-Drawn,Adventure,2024,79.8,10356,312,12.99,0
200193,IndieGame_0193,Pixel Art,Puzzle,2022,74.9,121781,6638,12.99,0
200194,IndieGame_0194,Hand-Drawn,Puzzle,2019,100.0,220431,6436,12.99,0
200195,IndieGame_0195,Pixel Art,Horror,2019,82.3,51652,2419,0.0,1
200196,IndieGame_0196,Pixel Art,RPG,2023,64.2,197056,6659,2.99,0
200197,IndieGame_0197,Pixel Art,Roguelike,2024,72.4,2490494,40169,9.99,0
200198,IndieGame_0198,Voxel,Platformer,2024,81.2,33527,1890,14.99,0
200199,IndieGame_0199,Low Poly,Action,2023,95.9,92982,3040,12.99,0
200200,IndieGame_0200,Voxel,Simulation,2022,55.1,15672,732,12.99,0
200201,IndieGame_0201,Hand-Drawn,Roguelike,2016,63.2,89493,2537,4.99,0
200202,IndieGame_0202,Pixel Art,Platformer,2017,96.7,147669,1616,7.99,0
200203,IndieGame_0203,Low Poly,Simulation,2024,78.9,73277,1101,7.99,0
200204,IndieGame_0204,Hand-Drawn,Platformer,2022,73.3,21179,737,2.99,0
200205,IndieGame_0205,Pixel Art,Platformer,2015,83.3,108884,4845,0.0,1
200206,IndieGame_0206,Minimalist,Horror,2017,53.6,375786,10047,14.99,0
200207,IndieGame_0207,Pixel Art,Puzzle,2022,78.0,145621,6520,4.99,0
200208,IndieGame_0208,Low Poly,Action,2015,78.3,183980,8266,4.99,0
200209,IndieGame_0209,Minimalist,Platformer,2017,89.2,48909,2210,0.99,0
200210,IndieGame_0210,Pixel Art,RPG,2021,67.9,209041,7238,14.99,0
200211,IndieGame_0211,Pixel Art,Simulation,2022,78.9,118839,6624,9.99,0
200212,IndieGame_0212,Realistic,Roguelike,2022,60.7,14376,495,9.99,0
200213,IndieGame_0213,Hand-Drawn,Puzzle,2018,84.6,105519,3430,14.99,0
200214,IndieGame_0214,Pixel Art,Simulation,2022,69.0,25857,516,4.99,0
200215,IndieGame_0215,Voxel,Horror,2018,66.9,17780,451,9.99,0
200216,IndieGame_0216,Pixel Art,RPG,2019,68.0,106681,1292,0.0,1
200217,IndieGame_0217,Minimalist,RPG,2023,86.5,92858,3870,2.99,0
200218,IndieGame_0218,Voxel,Platformer,2022,79.6,9120,204,12.99,0
200219,IndieGame_0219,Pixel Art,RPG,2024,75.7,301097,7589,12.99,0
200220,IndieGame_0220,Pixel Art,Action,2022,78.4,168858,8196,4.99,0
200221,IndieGame_0221,Pixel Art,Horror,2021,63.5,36487,961,4.99,0
200222,IndieGame_0222,Pixel Art,RPG,2016,75.0,13430,296,9.99,0
200223,IndieGame_0223,Pixel Art,Platformer,2019,77.5,71433,1318,0.0,1
200224,IndieGame_0224,Minimalist,Simulation,2018,100.0,38063,1855,4.99,0
200225,IndieGame_0225,Pixel Art,Horror,2018,66.9,97360,1605,2.99,0
200226,IndieGame_0226,Low Poly,RPG,2025,89.6,37513,1226,4.99,0
200227,IndieGame_0227,Voxel,Puzzle,2020,81.0,3416,120,12.99,0
200228,IndieGame_0228,Cartoon,Horror,2024,78.8,48944,2171,4.99,0
200229,IndieGame_0229,Low Poly,Horror,2022,92.6,40193,1674,2.99,0
200230,IndieGame_0230,Pixel Art,Roguelike,2023,81.7,181824,9188,7.99,0
200231,IndieGame_0231,Minimalist,Puzzle,2021,83.9,28121,344,14.99,0
200232,IndieGame_0232,Low Poly,Puzzle,2021,74.5,434785,10792,4.99,0
200233,IndieGame_0233,Hand-Drawn,Simulation,2021,94.2,7262,174,0.0,1
200234,IndieGame_0234,Pixel Art,Adventure,2018,89.0,409956,7092,4.99,0
200235,IndieGame_0235,Cartoon,Roguelike,2023,69.7,59592,1457,12.99,0
200236,IndieGame_0236,Hand-Drawn,Puzzle,2019,68.8,201979,5148,9.99,0
200237,IndieGame_0237,Pixel Art,Puzzle,2015,76.0,93542,3376,12.99,0
200238,IndieGame_0238,Hand-Drawn,Adventure,2022,74.0,282628,12205,19.99,0
200239,IndieGame_0239,Hand-Drawn,Simulation,2017,81.4,45233,1314,12.99,0
200240,IndieGame_0240,Cartoon,Roguelike,2024,88.4,20871,959,9.99,0
200241,IndieGame_0241,Realistic,Puzzle,2025,65.4,247464,6634,7.99,0
200242,IndieGame_0242,Realistic,Platformer,2024,69.6,39270,962,0.0,1
200243,IndieGame_0243,Pixel Art,Simulation,2020,78.6,110888,4109,19.99,0
200244,IndieGame_0244,Hand-Drawn,Roguelike,2015,90.5,316830,3544,7.99,0
200245,IndieGame_0245,Hand-Drawn,Puzzle,2024,59.5,20870,291,2.99,0
200246,IndieGame_0246,Pixel Art,Puzzle,2020,71.9,173684,5366,9.99,0
200247,IndieGame_0247,Pixel Art,Adventure,2025,80.1,41878,2393,4.99,0
200248,IndieGame_0248,Realistic,Roguelike,2025,82.0,38400,1769,9.99,0
200249,IndieGame_0249,Pixel Art,Platformer,2024,73.1,92701,1335,9.99,0
200250,IndieGame_0250,Low Poly,Simulation,2019,56.2,9584,501,7.99,0
200251,IndieGame_0251,Pixel Art,RPG,2020,84.2,33383,1556,12.99,0
200252,IndieGame_0252,Pixel Art,Action,2024,71.6,430066,17438,4.99,0
200253,IndieGame_0253,Pixel Art,Platformer,2019,66.1,246184,12558,7.99,0
200254,IndieGame_0254,Voxel,RPG,2017,64.8,35248,1064,9.99,0
200255,IndieGame_0255,Cartoon,Platformer,2021,74.2,104423,2200,9.99,0
200256,IndieGame_0256,Voxel,Roguelike,2024,65.0,26695,950,12.99,0
200257,IndieGame_0257,Hand-Drawn,RPG,2022,59.9,366708,13730,7.99,0
200258,IndieGame_0258,Pixel Art,Roguelike,2021,87.0,66835,2467,9.99,0
200259,IndieGame_0259,Low Poly,RPG,2016,87.7,76604,2930,2.99,0
200260,IndieGame_0260,Hand-Drawn,Platformer,2022,88.5,284832,16359,14.99,0
200261,IndieGame_0261,Cartoon,Adventure,2025,64.6,30687,1691,7.99,0
200262,IndieGame_0262,Pixel Art,Platformer,2017,76.0,551806,29679,9.99,0
200263,IndieGame_0263,Hand-Drawn,Roguelike,2021,81.9,11474,574,0.0,1
200264,IndieGame_0264,Pixel Art,Platformer,2024,84.0,600775,34347,2.99,0
200265,IndieGame_0265,Hand-Drawn,Horror,2023,88.7,46037,687,7.99,0
200266,IndieGame_0266,Realistic,Horror,2022,62.7,33630,782,14.99,0
200267,IndieGame_0267,Hand-Drawn,RPG,2022,82.8,7453,259,7.99,0
200268,IndieGame_0268,Hand-Drawn,Horror,2019,86.6,41717,2182,14.99,0
200269,IndieGame_0269,Hand-Drawn,Action,2019,96.6,20674,728,7.99,0
200270,IndieGame_0270,Hand-Drawn,RPG,2023,89.0,34726,1646,7.99,0
200271,IndieGame_0271,Realistic,Horror,2023,77.9,38163,646,0.99,0
200272,IndieGame_0272,Cartoon,Puzzle,2024,76.8,246178,5568,12.99,0
200273,IndieGame_0273,Voxel,Platformer,2024,85.1,48750,2271,4.99,0
200274,IndieGame_0274,Realistic,Simulation,2021,74.1,65096,1187,14.99,0
200275,IndieGame_0275,Pixel Art,Platformer,2021,69.4,22828,629,14.99,0
200276,IndieGame_0276,Minimalist,Horror,2023,94.0,22589,525,14.99,0
200277,IndieGame_0277,Hand-Drawn,Adventure,2022,89.0,623367,17138,7.99,0
200278,IndieGame_0278,Pixel Art,Roguelike,2022,73.6,35177,1597,9.99,0
200279,IndieGame_0279,Cartoon,Simulation,2023,71.2,569158,16159,12.99,0
200280,IndieGame_0280,Pixel Art,RPG,2024,81.0,63496,2397,2.99,0
200281,IndieGame_0281,Psychedelic,Adventure,2019,77.6,40109,601,9.99,0
200282,IndieGame_0282,Hand-Drawn,Platformer,2020,84.0,260109,13070,0.0,1
200283,IndieGame_0283,Minimalist,Horror,2016,83.1,299064,8521,7.99,0
200284,IndieGame_0284,Minimalist,RPG,2021,97.0,56906,2414,2.99,0
200285,IndieGame_0285,Cartoon,RPG,2015,86.7,48950,2264,2.99,0
200286,IndieGame_0286,Minimalist,Puzzle,2020,81.9,60781,1244,4.99,0
200287,IndieGame_0287,Low Poly,Puzzle,2021,84.4,87007,4718,7.99,0
200288,IndieGame_0288,Pixel Art,Horror,2019,67.7,247699,10108,9.99,0
200289,IndieGame_0289,Low Poly,Horror,2021,79.0,58295,1832,0.0,1
200290,IndieGame_0290,Pixel Art,Action,2015,96.1,178629,3414,7.99,0
200291,IndieGame_0291,Realistic,Puzzle,2015,67.8,321402,18356,2.99,0
200292,IndieGame_0292,Low Poly,Roguelike,2023,66.5,91653,4376,9.99,0
200293,IndieGame_0293,Minimalist,Simulation,2019,73.5,94478,1927,9.99,0
200294,IndieGame_0294,Pixel Art,RPG,2017,67.1,13735,369,9.99,0
200295,IndieGame_0295,Pixel Art,Puzzle,2021,70.2,3617,182,12.99,0
200296,IndieGame_0296,Minimalist,Horror,2023,76.3,103589,4639,4.99,0
200297,IndieGame_0297,Pixel Art,Action,2018,63.9,75857,3663,12.99,0
200298,IndieGame_0298,Pixel Art,Horror,2022,78.2,45828,1469,7.99,0
200299,IndieGame_0299,Pixel Art,Horror,2016,87.0,113850,5217,7.99,0
200300,IndieGame_0300,Voxel,Horror,2016,61.9,35343,1036,9.99,0
200301,IndieGame_0301,Realistic,Platformer,2021,85.2,174164,3581,0.0,1
200302,IndieGame_0302,Hand-Drawn,Simulation,2021,87.1,79837,3323,9.99,0
200303,IndieGame_0303,Pixel Art,Puzzle,2022,88.3,34686,2039,9.99,0
200304,IndieGame_0304,Hand-Drawn,RPG,2023,75.4,236244,6031,4.99,0
200305,IndieGame_0305,Realistic,Platformer,2025,78.5,34677,1146,0.99,0
200306,IndieGame_0306,Minimalist,Horror,2021,69.1,122269,5343,0.99,0
200307,IndieGame_0307,Pixel Art,Roguelike,2019,86.9,47930,1777,14.99,0
200308,IndieGame_0308,Pixel Art,RPG,2023,79.7,38972,2033,9.99,0
200309,IndieGame_0309,Pixel Art,Platformer,2019,83.5,94033,4521,0.99,0
200310,IndieGame_0310,Minimalist,Roguelike,2020,68.2,66008,852,4.99,0
200311,IndieGame_0311,Realistic,Roguelike,2016,61.0,80034,4795,9.99,0
200312,IndieGame_0312,Pixel Art,Simulation,2015,84.0,61576,2932,12.99,0
200313,IndieGame_0313,Pixel Art,RPG,2025,68.5,9384,499,0.0,1
200314,IndieGame_0314,Pixel Art,Puzzle,2023,82.6,50568,2152,4.99,0
200315,IndieGame_0315,Voxel,Puzzle,2022,57.3,98511,5202,14.99,0
200316,IndieGame_0316,Pixel Art,Action,2020,86.5,59489,929,0.0,1
200317,IndieGame_0317,Realistic,Platformer,2017,57.7,33481,916,2.99,0
200318,IndieGame_0318,Minimalist,Action,2017,85.5,212308,11426,19.99,0
200319,IndieGame_0319,Hand-Drawn,Adventure,2018,88.3,30639,615,9.99,0
200320,IndieGame_0320,Pixel Art,Puzzle,2021,71.0,13346,185,4.99,0
200321,IndieGame_0321,Pixel Art,Platformer,2022,83.8,70097,3463,0.0,1
200322,IndieGame_0322,Low Poly,Simulation,2022,77.6,32441,1679,0.0,1
200323,IndieGame_0323,Realistic,Action,2019,64.6,14113,255,4.99,0
200324,IndieGame_0324,Minimalist,Simulation,2025,69.9,52664,2776,14.99,0
200325,IndieGame_0325,Low Poly,Simulation,2023,55.4,104611,4638,7.99,0
200326,IndieGame_0326,Pixel Art,Horror,2021,81.5,84057,3026,9.99,0
200327,IndieGame_0327,Voxel,Horror,2022,55.4,54924,2829,14.99,0
200328,IndieGame_0328,Realistic,Simulation,2020,71.0,396530,12277,7.99,0
200329,IndieGame_0329,Pixel Art,Action,2018,75.4,56328,1109,2.99,0
200330,IndieGame_0330,Voxel,Horror,2019,77.8,53069,1286,7.99,0
200331,IndieGame_0331,Low Poly,Adventure,2023,72.0,31481,1109,14.99,0
200332,IndieGame_0332,Low Poly,Roguelike,2015,71.7,21006,768,12.99,0
200333,IndieGame_0333,Realistic,Roguelike,2017,77.3,22304,1121,0.0,1
200334,IndieGame_0334,Cartoon,Horror,2016,79.4,43912,2176,9.99,0
200335,IndieGame_0335,Minimalist,Action,2016,83.2,100058,3909,9.99,0
200336,IndieGame_0336,Pixel Art,Roguelike,2024,82.7,1424451,69854,14.99,0
200337,IndieGame_0337,Hand-Drawn,RPG,2022,66.6,30490,597,0.99,0
200338,IndieGame_0338,Psychedelic,Roguelike,2020,80.6,24262,303,9.99,0
200339,IndieGame_0339,Pixel Art,Puzzle,2016,84.1,78799,4230,14.99,0
200340,IndieGame_0340,Hand-Drawn,Action,2021,71.8,115772,1595,7.99,0
200341,IndieGame_0341,Hand-Drawn,Horror,2020,79.6,98783,2206,7.99,0
200342,IndieGame_0342,Hand-Drawn,Horror,2017,81.6,336157,15048,0.0,1
200343,IndieGame_0343,Low Poly,Roguelike,2020,73.7,3154,96,4.99,0
200344,IndieGame_0344,Psychedelic,Action,2020,76.3,2280,122,4.99,0
200345,IndieGame_0345,Pixel Art,Adventure,2022,92.3,46880,1167,14.99,0
200346,IndieGame_0346,Pixel Art,RPG,2022,88.8,317161,3359,4.99,0
200347,IndieGame_0347,Pixel Art,Horror,2016,64.9,12986,325,7.99,0
200348,IndieGame_0348,Cartoon,Action,2020,82.2,2111,82,9.99,0
200349,IndieGame_0349,Minimalist,Horror,2022,93.3,128998,3714,2.99,0
200350,IndieGame_0350,Pixel Art,Horror,2021,81.9,113868,4183,7.99,0
200351,IndieGame_0351,Cartoon,Puzzle,2024,86.9,21082,1134,12.99,0
200352,IndieGame_0352,Cartoon,Roguelike,2022,96.1,23904,1329,14.99,0
200353,IndieGame_0353,Cartoon,Puzzle,2017,86.2,24361,567,9.99,0
200354,IndieGame_0354,Psychedelic,Roguelike,2016,75.5,45673,1512,9.99,0
200355,IndieGame_0355,Pixel Art,Horror,2022,88.5,40087,1501,0.99,0
200356,IndieGame_0356,Realistic,Action,2015,71.4,81413,4677,14.99,0
200357,IndieGame_0357,Hand-Drawn,Simulation,2021,82.2,2342,140,2.99,0
200358,IndieGame_0358,Cartoon,Roguelike,2024,72.5,27896,607,12.99,0
200359,IndieGame_0359,Realistic,Simulation,2021,85.6,11651,540,4.99,0
200360,IndieGame_0360,Realistic,RPG,2020,61.8,33084,956,14.99,0
200361,IndieGame_0361,Minimalist,Puzzle,2022,95.3,34080,354,9.99,0
200362,IndieGame_0362,Pixel Art,Simulation,2020,83.0,221420,2316,12.99,0
200363,IndieGame_0363,Low Poly,Puzzle,2021,61.0,6229,205,2.99,0
200364,IndieGame_0364,Voxel,Roguelike,2024,74.7,40132,1381,7.99,0
200365,IndieGame_0365,Psychedelic,Roguelike,2020,52.0,78169,869,9.99,0
200366,IndieGame_0366,Pixel Art,RPG,2025,84.3,788891,34984,12.99,0
200367,IndieGame_0367,Pixel Art,Roguelike,2024,86.9,47680,1177,0.99,0
200368,IndieGame_0368,Pixel Art,Horror,2018,72.1,125461,4766,19.99,0
200369,IndieGame_0369,Realistic,RPG,2016,71.2,5165,129,14.99,0
200370,IndieGame_0370,Cartoon,Simulation,2017,95.5,4420,81,4.99,0
200371,IndieGame_0371,Pixel Art,Roguelike,2015,72.9,234248,7111,12.99,0
200372,IndieGame_0372,Low Poly,Action,2016,64.4,57614,1245,7.99,0
200373,IndieGame_0373,Cartoon,Platformer,2022,90.8,320834,11787,7.99,0
200374,IndieGame_0374,Realistic,Adventure,2016,89.6,8658,172,4.99,0
200375,IndieGame_0375,Low Poly,Horror,2019,75.0,108237,3833,9.99,0
200376,IndieGame_0376,Low Poly,Platformer,2024,85.1,546221,9760,9.99,0
200377,IndieGame_0377,Low Poly,Platformer,2015,88.4,95975,4179,7.99,0
200378,IndieGame_0378,Pixel Art,Puzzle,2023,70.6,118456,5649,9.99,0
200379,IndieGame_0379,Low Poly,Horror,2019,70.1,58598,909,9.99,0
200380,IndieGame_0380,Minimalist,Horror,2017,92.3,9868,329,9.99,0
200381,IndieGame_0381,Cartoon,RPG,2022,92.9,396785,5373,0.0,1
200382,IndieGame_0382,Minimalist,Puzzle,2022,85.6,31229,1246,14.99,0
200383,IndieGame_0383,Realistic,Simulation,2024,61.2,82437,1914,7.99,0
200384,IndieGame_0384,Pixel Art,Adventure,2023,97.9,13026,473,4.99,0
200385,IndieGame_0385,Hand-Drawn,Simulation,2023,76.7,17484,627,4.99,0
200386,IndieGame_0386,Pixel Art,Action,2019,74.6,475685,26741,7.99,0
200387,IndieGame_0387,Pixel Art,Adventure,2017,81.4,56030,2098,14.99,0
200388,IndieGame_0388,Realistic,Puzzle,2023,85.5,257390,10076,4.99,0
200389,IndieGame_0389,Voxel,Roguelike,2023,79.5,34595,1040,12.99,0
200390,IndieGame_0390,Pixel Art,Roguelike,2025,82.1,9321,535,0.99,0
200391,IndieGame_0391,Hand-Drawn,Puzzle,2020,86.6,210008,10260,7.99,0
200392,IndieGame_0392,Cartoon,Simulation,2020,76.4,38429,932,19.99,0
200393,IndieGame_0393,Pixel Art,Puzzle,2023,83.6,196581,10263,12.99,0
200394,IndieGame_0394,Low Poly,Puzzle,2019,49.7,59781,1890,2.99,0
200395,IndieGame_0395,Realistic,Platformer,2024,67.0,7063,363,7.99,0
200396,IndieGame_0396,Low Poly,Action,2024,77.4,70640,3612,4.99,0
200397,IndieGame_0397,Pixel Art,Horror,2020,66.5,1185736,23054,7.99,0
200398,IndieGame_0398,Hand-Drawn,Roguelike,2023,85.9,130093,5861,12.99,0
200399,IndieGame_0399,Realistic,Platformer,2023,68.0,41998,1030,12.99,0
200400,IndieGame_0400,Low Poly,Puzzle,2017,92.6,210788,5243,2.99,0
200401,IndieGame_0401,Pixel Art,RPG,2024,93.7,109448,2716,14.99,0
200402,IndieGame_0402,Realistic,Platformer,2021,65.3,57864,2677,9.99,0
200403,IndieGame_0403,Pixel Art,Puzzle,2023,76.5,22935,492,4.99,0
200404,IndieGame_0404,Realistic,Roguelike,2019,69.3,59577,598,7.99,0
200405,IndieGame_0405,Pixel Art,Horror,2024,73.5,294471,13475,9.99,0
200406,IndieGame_0406,Voxel,Puzzle,2020,73.0,13933,258,9.99,0
200407,IndieGame_0407,Hand-Drawn,Action,2015,74.4,397844,6056,7.99,0
200408,IndieGame_0408,Hand-Drawn,Simulation,2024,70.7,64497,1410,7.99,0
200409,IndieGame_0409,Pixel Art,Adventure,2016,84.2,29292,849,2.99,0
200410,IndieGame_0410,Pixel Art,Platformer,2019,84.3,281409,9510,12.99,0
200411,IndieGame_0411,Cartoon,Platformer,2025,68.0,55287,676,9.99,0
200412,IndieGame_0412,Voxel,Platformer,2025,80.0,94538,5533,2.99,0
200413,IndieGame_0413,Hand-Drawn,Puzzle,2021,75.7,50731,2323,12.99,0
200414,IndieGame_0414,Hand-Drawn,Horror,2022,84.5,67012,1753,14.99,0
200415,IndieGame_0415,Realistic,Action,2020,78.2,81364,2110,14.99,0
200416,IndieGame_0416,Cartoon,Horror,2019,75.7,110585,3585,4.99,0
200417,IndieGame_0417,Low Poly,Puzzle,2019,79.5,5289,218,2.99,0
200418,IndieGame_0418,Hand-Drawn,Puzzle,2022,76.8,18749,324,7.99,0
200419,IndieGame_0419,Hand-Drawn,Simulation,2023,80.0,219633,4271,0.99,0
200420,IndieGame_0420,Minimalist,RPG,2023,77.9,55468,2938,14.99,0
200421,IndieGame_0421,Pixel Art,Action,2023,70.5,45339,1034,2.99,0
200422,IndieGame_0422,Low Poly,Platformer,2016,73.2,11360,329,4.99,0
200423,IndieGame_0423,Hand-Drawn,Adventure,2021,66.5,19707,1055,7.99,0
200424,IndieGame_0424,Realistic,Platformer,2016,65.1,3976,171,7.99,0
200425,IndieGame_0425,Pixel Art,Horror,2021,75.2,75272,2038,12.99,0
200426,IndieGame_0426,Low Poly,Puzzle,2020,72.4,28284,1249,7.99,0
200427,IndieGame_0427,Hand-Drawn,Action,2024,79.6,22573,247,2.99,0
200428,IndieGame_0428,Minimalist,Roguelike,2019,79.4,59897,2802,4.99,0
200429,IndieGame_0429,Pixel Art,Action,2017,82.8,131553,4518,7.99,0
200430,IndieGame_0430,Low Poly,Action,2017,83.7,714998,36221,2.99,0
200431,IndieGame_0431,Low Poly,RPG,2023,68.5,9451,545,9.99,0
200432,IndieGame_0432,Low Poly,Platformer,2022,63.0,233154,13124,9.99,0
200433,IndieGame_0433,Low Poly,RPG,2017,64.6,186450,10341,9.99,0
200434,IndieGame_0434,Minimalist,Roguelike,2016,75.1,25520,908,14.99,0
200435,IndieGame_0435,Cartoon,Roguelike,2022,72.5,99543,2787,14.99,0
200436,IndieGame_0436,Pixel Art,Simulation,2016,70.3,49081,1632,14.99,0
200437,IndieGame_0437,Cartoon,Horror,2023,63.0,97469,4336,4.99,0
200438,IndieGame_0438,Hand-Drawn,Adventure,2022,77.4,440373,23868,2.99,0
200439,IndieGame_0439,Pixel Art,Simulation,2016,79.8,175805,3577,4.99,0
200440,IndieGame_0440,Pixel Art,Puzzle,2016,84.0,156488,8749,14.99,0
200441,IndieGame_0441,Hand-Drawn,RPG,2025,76.4,42961,2180,19.99,0
200442,IndieGame_0442,Realistic,RPG,2020,65.9,7582,446,14.99,0
200443,IndieGame_0443,Minimalist,Simulation,2020,70.7,50613,2733,0.99,0
200444,IndieGame_0444,Realistic,Puzzle,2023,69.7,191443,4594,14.99,0
200445,IndieGame_0445,Low Poly,Action,2024,66.5,9279,141,7.99,0
200446,IndieGame_0446,Hand-Drawn,Puzzle,2025,87.7,20298,316,0.0,1
200447,IndieGame_0447,Pixel Art,Platformer,2023,60.1,98906,2429,7.99,0
200448,IndieGame_0448,Hand-Drawn,Simulation,2020,78.4,22089,899,0.0,1
200449,IndieGame_0449,Hand-Drawn,Horror,2016,85.0,27816,1396,9.99,0
200450,IndieGame_0450,Pixel Art,Puzzle,2023,79.8,51128,2810,4.99,0
200451,IndieGame_0451,Pixel Art,Action,2021,100.0,16509,679,7.99,0
200452,IndieGame_0452,Low Poly,Puzzle,2020,78.5,18020,185,9.99,0
200453,IndieGame_0453,Realistic,RPG,2024,60.0,104666,2021,14.99,0
200454,IndieGame_0454,Voxel,Adventure,2017,70.0,7914,118,9.99,0
200455,IndieGame_0455,Psychedelic,RPG,2021,55.2,5879,165,7.99,0
200456,IndieGame_0456,Minimalist,Horror,2015,79.2,30519,1070,12.99,0
200457,IndieGame_0457,Hand-Drawn,Roguelike,2020,73.7,173298,2109,14.99,0
200458,IndieGame_0458,Minimalist,Adventure,2016,89.2,51320,1407,0.99,0
200459,IndieGame_0459,Realistic,Roguelike,2017,64.5,25768,488,9.99,0
200460,IndieGame_0460,Pixel Art,Puzzle,2017,76.8,89647,3796,4.99,0
200461,IndieGame_0461,Hand-Drawn,Platformer,2022,75.6,8862,294,0.0,1
200462,IndieGame_0462,Cartoon,Horror,2023,93.4,141225,4909,9.99,0
200463,IndieGame_0463,Hand-Drawn,Puzzle,2021,78.8,114067,3579,14.99,0
200464,IndieGame_0464,Low Poly,Action,2025,93.3,35490,2051,2.99,0
200465,IndieGame_0465,Low Poly,Puzzle,2020,83.1,193940,4021,12.99,0
200466,IndieGame_0466,Pixel Art,Adventure,2019,82.8,21969,787,14.99,0
200467,IndieGame_0467,Hand-Drawn,RPG,2024,85.7,278705,13043,14.99,0
200468,IndieGame_0468,Hand-Drawn,Platformer,2018,85.9,86665,3279,4.99,0
200469,IndieGame_0469,Pixel Art,Roguelike,2025,58.7,56757,3203,14.99,0
200470,IndieGame_0470,Pixel Art,Puzzle,2015,75.2,82996,2398,4.99,0
200471,IndieGame_0471,Cartoon,Puzzle,2025,84.5,68579,2275,9.99,0
200472,IndieGame_0472,Pixel Art,RPG,2016,77.5,367598,5303,0.0,1
200473,IndieGame_0473,Low Poly,Platformer,2024,60.9,15933,644,0.0,1
200474,IndieGame_0474,Pixel Art,Simulation,2021,77.5,34043,831,9.99,0
200475,IndieGame_0475,Psychedelic,Roguelike,2025,90.0,138717,2499,7.99,0
200476,IndieGame_0476,Pixel Art,Puzzle,2016,90.5,41596,1548,4.99,0
200477,IndieGame_0477,Hand-Drawn,Puzzle,2021,81.4,212152,7768,2.99,0
200478,IndieGame_0478,Cartoon,Simulation,2025,85.5,599461,8268,9.99,0
200479,IndieGame_0479,Cartoon,Roguelike,2021,72.3,48161,2162,0.0,1
200480,IndieGame_0480,Pixel Art,Adventure,2022,61.0,192536,7930,12.99,0
200481,IndieGame_0481,Cartoon,Adventure,2022,66.8,19536,379,0.0,1
200482,IndieGame_0482,Hand-Drawn,Horror,2020,97.6,178100,5961,2.99,0
200483,IndieGame_0483,Hand-Drawn,Horror,2022,79.3,91466,4208,7.99,0
200484,IndieGame_0484,Pixel Art,Action,2021,75.6,149949,5468,7.99,0
200485,IndieGame_0485,Pixel Art,RPG,2024,75.0,39172,1166,4.99,0
200486,IndieGame_0486,Realistic,Platformer,2016,89.0,6131,160,4.99,0
200487,IndieGame_0487,Hand-Drawn,Puzzle,2019,98.3,131705,5336,19.99,0
200488,IndieGame_0488,Hand-Drawn,Roguelike,2025,100.0,6053,344,9.99,0
200489,IndieGame_0489,Realistic,Puzzle,2024,68.4,30748,1340,0.0,1
200490,IndieGame_0490,Realistic,Horror,2020,73.0,139223,1912,7.99,0
200491,IndieGame_0491,Pixel Art,Action,2022,62.8,107010,3534,14.99,0
200492,IndieGame_0492,Low Poly,Roguelike,2019,89.8,600915,32774,4.99,0
200493,IndieGame_0493,Pixel Art,Roguelike,2018,66.3,290842,4282,0.99,0
200494,IndieGame_0494,Realistic,Puzzle,2020,72.2,20531,1220,12.99,0
200495,IndieGame_0495,Minimalist,RPG,2019,69.0,67165,3858,9.99,0
200496,IndieGame_0496,Voxel,Action,2021,65.1,35900,499,9.99,0
200497,IndieGame_0497,Pixel Art,RPG,2016,69.6,12730,721,0.0,1
200498,IndieGame_0498,Pixel Art,Action,2025,71.9,27499,774,2.99,0
200499,IndieGame_0499,Pixel Art,Puzzle,2025,72.6,43368,2265,9.99,0
200500,IndieGame_0500,Pixel Art,Action,2022,72.5,7383,228,2.99,0
200501,IndieGame_0501,Pixel Art,Adventure,2021,86.3,89985,2883,7.99,0
200502,IndieGame_0502,Psychedelic,Roguelike,2019,62.0,29665,1237,9.99,0
200503,IndieGame_0503,Pixel Art,Platformer,2023,80.2,11417,556,4.99,0
200504,IndieGame_0504,Pixel Art,Puzzle,2022,90.2,138062,1613,14.99,0
200505,IndieGame_0505,Realistic,Simulation,2017,64.9,106240,4213,12.99,0
200506,IndieGame_0506,Hand-Drawn,Platformer,2024,74.8,94547,1828,9.99,0
200507,IndieGame_0507,Realistic,Puzzle,2023,67.7,30501,832,0.0,1
200508,IndieGame_0508,Pixel Art,Platformer,2024,89.8,172842,4735,0.99,0
200509,IndieGame_0509,Hand-Drawn,Adventure,2023,83.9,162866,5448,7.99,0
200510,IndieGame_0510,Pixel Art,Platformer,2022,72.7,122920,3282,2.99,0
200511,IndieGame_0511,Pixel Art,Action,2020,82.8,31598,485,19.99,0
200512,IndieGame_0512,Psychedelic,Horror,2024,62.0,55745,963,2.99,0
200513,IndieGame_0513,Pixel Art,Platformer,2024,84.8,356818,4164,7.99,0
200514,IndieGame_0514,Low Poly,Puzzle,2016,79.1,28346,949,4.99,0
200515,IndieGame_0515,Hand-Drawn,Simulation,2015,78.9,892648,51525,9.99,0
200516,IndieGame_0516,Hand-Drawn,Simulation,2020,73.6,38317,604,0.99,0
200517,IndieGame_0517,Cartoon,Horror,2023,67.1,81093,4647,7.99,0
200518,IndieGame_0518,Pixel Art,RPG,2025,83.3,37927,1769,4.99,0
200519,IndieGame_0519,Minimalist,Horror,2017,92.3,84971,3558,14.99,0
200520,IndieGame_0520,Voxel,Roguelike,2021,64.6,4696,198,0.0,1
200521,IndieGame_0521,Low Poly,Platformer,2020,79.6,30120,1546,14.99,0
200522,IndieGame_0522,Psychedelic,Simulation,2025,52.1,10786,165,12.99,0
200523,IndieGame_0523,Pixel Art,Horror,2024,72.2,99988,3523,4.99,0
200524,IndieGame_0524,Hand-Drawn,Platformer,2023,81.7,237460,10651,12.99,0
200525,IndieGame_0525,Pixel Art,Roguelike,2020,68.9,184538,7259,0.0,1
200526,IndieGame_0526,Realistic,Simulation,2020,60.6,2613,134,19.99,0
200527,IndieGame_0527,Voxel,Roguelike,2019,64.3,440570,5997,7.99,0
200528,IndieGame_0528,Pixel Art,Platformer,2016,80.9,121144,5395,4.99,0
200529,IndieGame_0529,Minimalist,Puzzle,2024,78.1,25599,939,4.99,0
200530,IndieGame_0530,Pixel Art,Platformer,2023,55.6,102637,2972,0.0,1
200531,IndieGame_0531,Low Poly,Horror,2025,53.8,71655,1935,19.99,0
200532,IndieGame_0532,Hand-Drawn,Roguelike,2025,75.9,32344,1327,0.0,1
200533,IndieGame_0533,Voxel,Puzzle,2021,75.6,48186,2628,9.99,0
200534,IndieGame_0534,Low Poly,Puzzle,2023,47.5,27979,973,7.99,0
200535,IndieGame_0535,Hand-Drawn,RPG,2024,77.0,44319,2270,14.99,0
200536,IndieGame_0536,Pixel Art,Simulation,2024,72.7,37304,1123,4.99,0
200537,IndieGame_0537,Pixel Art,Action,2018,91.9,15232,230,9.99,0
200538,IndieGame_0538,Pixel Art,Puzzle,2020,74.1,101256,1323,7.99,0
200539,IndieGame_0539,Pixel Art,Roguelike,2017,81.8,171573,2156,9.99,0
200540,IndieGame_0540,Cartoon,Simulation,2025,77.4,144686,4196,0.0,1
200541,IndieGame_0541,Low Poly,Adventure,2022,53.7,155143,4167,2.99,0
200542,IndieGame_0542,Low Poly,Platformer,2018,82.7,85597,3928,2.99,0
200543,IndieGame_0543,Pixel Art,Horror,2022,80.2,44852,2114,12.99,0
200544,IndieGame_0544,Cartoon,Roguelike,2022,81.1,213642,2679,2.99,0
200545,IndieGame_0545,Realistic,Adventure,2019,100.0,8825,185,9.99,0
200546,IndieGame_0546,Pixel Art,Roguelike,2017,57.2,28842,683,2.99,0
200547,IndieGame_0547,Minimalist,Platformer,2022,97.2,20437,763,14.99,0
200548,IndieGame_0548,Low Poly,RPG,2021,72.1,211983,3651,14.99,0
200549,IndieGame_0549,Pixel Art,Roguelike,2023,80.9,263485,4399,7.99,0
200550,IndieGame_0550,Hand-Drawn,Puzzle,2021,81.5,129209,7389,4.99,0
200551,IndieGame_0551,Hand-Drawn,Action,2024,77.8,260598,13084,4.99,0
200552,IndieGame_0552,Pixel Art,Puzzle,2021,72.3,29592,563,0.0,1
200553,IndieGame_0553,Psychedelic,Platformer,2021,76.3,60775,1843,4.99,0
200554,IndieGame_0554,Cartoon,Roguelike,2024,60.8,67121,1864,9.99,0
200555,IndieGame_0555,Minimalist,Action,2020,87.5,179584,8898,9.99,0
200556,IndieGame_0556,Hand-Drawn,Puzzle,2017,77.8,62702,2226,14.99,0
200557,IndieGame_0557,Hand-Drawn,Action,2015,70.7,45364,743,7.99,0
200558,IndieGame_0558,Minimalist,Horror,2023,75.5,124396,5840,9.99,0
200559,IndieGame_0559,Low Poly,Platformer,2022,87.6,165976,4953,7.99,0
200560,IndieGame_0560,Pixel Art,RPG,2022,72.6,38116,882,7.99,0
200561,IndieGame_0561,Low Poly,RPG,2018,78.6,53901,1550,4.99,0
200562,IndieGame_0562,Cartoon,Roguelike,2017,68.7,21902,764,7.99,0
200563,IndieGame_0563,Hand-Drawn,Puzzle,2015,89.6,3593,97,7.99,0
200564,IndieGame_0564,Pixel Art,Adventure,2019,84.9,108115,2388,9.99,0
200565,IndieGame_0565,Realistic,Platformer,2021,88.5,93442,2796,14.99,0
200566,IndieGame_0566,Pixel Art,Puzzle,2020,76.2,116411,1275,4.99,0
200567,IndieGame_0567,Pixel Art,Puzzle,2020,84.7,8192,398,0.0,1
200568,IndieGame_0568,Pixel Art,RPG,2024,79.0,55792,1034,7.99,0
200569,IndieGame_0569,Hand-Drawn,Roguelike,2019,95.0,5026,61,9.99,0
200570,IndieGame_0570,Realistic,Action,2021,62.8,232828,9938,2.99,0
200571,IndieGame_0571,Low Poly,Platformer,2023,82.5,15755,767,12.99,0
200572,IndieGame_0572,Pixel Art,Horror,2020,76.1,383421,19436,19.99,0
200573,IndieGame_0573,Cartoon,Action,2022,75.4,242682,8415,14.99,0
200574,IndieGame_0574,Cartoon,Simulation,2024,76.9,26469,536,2.99,0
200575,IndieGame_0575,Cartoon,Simulation,2024,78.5,20032,938,14.99,0
200576,IndieGame_0576,Pixel Art,Platformer,2017,76.8,129424,5822,9.99,0
200577,IndieGame_0577,Hand-Drawn,Roguelike,2024,84.1,26140,583,7.99,0
200578,IndieGame_0578,Voxel,Adventure,2021,86.8,42972,2370,9.99,0
200579,IndieGame_0579,Realistic,Simulation,2018,79.9,25210,383,12.99,0
200580,IndieGame_0580,Pixel Art,RPG,2020,86.7,10026,592,7.99,0
200581,IndieGame_0581,Pixel Art,Adventure,2025,73.4,5847,309,4.99,0
200582,IndieGame_0582,Hand-Drawn,Puzzle,2021,73.1,94508,4195,7.99,0
200583,IndieGame_0583,Psychedelic,Simulation,2019,82.6,20389,1160,9.99,0
200584,IndieGame_0584,Low Poly,RPG,2022,83.8,29866,1377,2.99,0
200585,IndieGame_0585,Hand-Drawn,Puzzle,2018,96.7,165952,3239,14.99,0
200586,IndieGame_0586,Pixel Art,Adventure,2016,72.0,347506,11157,9.99,0
200587,IndieGame_0587,Minimalist,Platformer,2017,77.7,46867,636,9.99,0
200588,IndieGame_0588,Cartoon,Puzzle,2017,59.6,51831,1528,0.99,0
200589,IndieGame_0589,Hand-Drawn,Action,2017,78.1,131215,6177,9.99,0
200590,IndieGame_0590,Realistic,Platformer,2017,80.0,8831,258,0.99,0
200591,IndieGame_0591,Voxel,Platformer,2022,66.3,49668,1316,0.0,1
200592,IndieGame_0592,Pixel Art,Adventure,2018,84.4,164829,6554,7.99,0
200593,IndieGame_0593,Low Poly,Adventure,2019,73.1,131199,7033,7.99,0
200594,IndieGame_0594,Pixel Art,RPG,2024,81.2,8319,102,9.99,0
200595,IndieGame_0595,Realistic,RPG,2020,58.5,18048,528,0.99,0
200596,IndieGame_0596,Low Poly,Action,2022,75.9,20217,362,7.99,0
200597,IndieGame_0597,Minimalist,Platformer,2017,50.1,73277,3280,2.99,0
200598,IndieGame_0598,Realistic,Horror,2018,68.1,80122,1224,19.99,0
200599,IndieGame_0599,Hand-Drawn,Roguelike,2016,65.7,433858,18760,9.99,0
200600,IndieGame_0600,Psychedelic,Action,2017,85.1,22085,536,9.99,0
200601,IndieGame_0601,Low Poly,Action,2019,82.8,31923,636,4.99,0
200602,IndieGame_0602,Pixel Art,Roguelike,2017,82.7,337733,19189,0.99,0
200603,IndieGame_0603,Minimalist,Roguelike,2016,95.2,92784,1013,19.99,0
200604,IndieGame_0604,Realistic,Roguelike,2017,60.5,205993,6568,4.99,0
200605,IndieGame_0605,Pixel Art,Adventure,2020,95.5,120196,1331,7.99,0
200606,IndieGame_0606,Cartoon,Action,2018,85.3,19456,664,9.99,0
200607,IndieGame_0607,Psychedelic,Action,2019,70.6,8077,283,0.0,1
200608,IndieGame_0608,Pixel Art,Puzzle,2021,89.4,13208,344,12.99,0
200609,IndieGame_0609,Voxel,Roguelike,2022,59.9,84103,1396,9.99,0
200610,IndieGame_0610,Pixel Art,Roguelike,2015,69.8,353883,10198,4.99,0
200611,IndieGame_0611,Pixel Art,RPG,2023,71.9,782024,34106,0.0,1
200612,IndieGame_0612,Pixel Art,RPG,2022,72.7,233779,11483,2.99,0
200613,IndieGame_0613,Cartoon,Platformer,2016,65.4,314855,11504,14.99,0
200614,IndieGame_0614,Minimalist,RPG,2024,92.2,32406,1279,9.99,0
200615,IndieGame_0615,Pixel Art,Simulation,2024,75.4,21220,425,4.99,0
200616,IndieGame_0616,Hand-Drawn,Platformer,2016,85.5,199689,4865,0.0,1
200617,IndieGame_0617,Low Poly,Horror,2019,69.3,95742,1732,9.99,0
200618,IndieGame_0618,Pixel Art,Roguelike,2023,59.8,96697,2172,9.99,0
200619,IndieGame_0619,Cartoon,Puzzle,2023,78.7,124157,2637,7.99,0
200620,IndieGame_0620,Cartoon,RPG,2018,56.9,114953,4135,4.99,0
200621,IndieGame_0621,Low Poly,Puzzle,2018,74.3,270703,10323,2.99,0
200622,IndieGame_0622,Voxel,RPG,2020,57.3,179750,10290,9.99,0
200623,IndieGame_0623,Hand-Drawn,RPG,2021,100.0,138342,2736,19.99,0
200624,IndieGame_0624,Voxel,Puzzle,2022,80.1,104851,4412,2.99,0
200625,IndieGame_0625,Minimalist,Action,2019,81.1,120453,6126,9.99,0
200626,IndieGame_0626,Minimalist,Action,2020,92.6,37374,1420,7.99,0
200627,IndieGame_0627,Pixel Art,Action,2023,69.5,210719,4793,7.99,0
200628,IndieGame_0628,Cartoon,Simulation,2015,81.4,14633,338,4.99,0
200629,IndieGame_0629,Hand-Drawn,Action,2018,84.0,255018,3050,12.99,0
200630,IndieGame_0630,Pixel Art,RPG,2022,80.6,20271,512,7.99,0
200631,IndieGame_0631,Pixel Art,Roguelike,2024,90.7,119775,5656,9.99,0
200632,IndieGame_0632,Low Poly,Adventure,2021,82.3,21036,260,4.99,0
200633,IndieGame_0633,Low Poly,Puzzle,2021,77.9,112675,2362,2.99,0
200634,IndieGame_0634,Minimalist,Roguelike,2017,63.5,62406,2827,0.99,0
200635,IndieGame_0635,Cartoon,Adventure,2020,66.4,11507,565,9.99,0
200636,IndieGame_0636,Pixel Art,Roguelike,2021,76.8,140821,4614,2.99,0
200637,IndieGame_0637,Realistic,Simulation,2018,70.9,22491,1009,9.99,0
200638,IndieGame_0638,Pixel Art,Adventure,2018,66.7,244698,7193,7.99,0
200639,IndieGame_0639,Cartoon,Horror,2020,100.0,78124,1405,7.99,0
200640,IndieGame_0640,Cartoon,Platformer,2015,91.2,125363,3749,7.99,0
200641,IndieGame_0641,Low Poly,Action,2019,81.0,18381,716,4.99,0
200642,IndieGame_0642,Minimalist,Horror,2018,80.7,32046,1839,0.99,0
200643,IndieGame_0643,Pixel Art,Simulation,2019,75.9,49022,658,4.99,0
200644,IndieGame_0644,Hand-Drawn,Roguelike,2017,72.5,201282,7119,9.99,0
200645,IndieGame_0645,Cartoon,RPG,2024,76.8,583801,15439,9.99,0
200646,IndieGame_0646,Hand-Drawn,Action,2021,84.6,27397,970,4.99,0
200647,IndieGame_0647,Hand-Drawn,Horror,2022,69.6,262141,2935,7.99,0
200648,IndieGame_0648,Hand-Drawn,Action,2023,85.3,5328,136,2.99,0
200649,IndieGame_0649,Cartoon,Adventure,2021,74.4,18609,948,2.99,0
200650,IndieGame_0650,Hand-Drawn,Platformer,2016,62.9,22785,858,0.0,1
200651,IndieGame_0651,Pixel Art,Action,2021,69.4,16770,545,14.99,0
200652,IndieGame_0652,Minimalist,Roguelike,2021,75.9,9718,235,2.99,0
200653,IndieGame_0653,Cartoon,Roguelike,2023,94.9,128035,3188,2.99,0
200654,IndieGame_0654,Pixel Art,Puzzle,2020,83.6,65744,1916,4.99,0
200655,IndieGame_0655,Pixel Art,Puzzle,2017,64.6,134013,6938,0.99,0
200656,IndieGame_0656,Pixel Art,Action,2019,82.9,194652,11360,9.99,0
200657,IndieGame_0657,Hand-Drawn,Adventure,2019,66.5,99028,3162,0.0,1
200658,IndieGame_0658,Hand-Drawn,Adventure,2022,92.8,158536,4703,2.99,0
200659,IndieGame_0659,Realistic,RPG,2021,65.3,41397,2166,9.99,0
200660,IndieGame_0660,Minimalist,Simulation,2019,79.1,15642,490,4.99,0
200661,IndieGame_0661,Minimalist,Simulation,2025,93.3,231311,8697,9.99,0
200662,IndieGame_0662,Hand-Drawn,Horror,2022,69.1,35507,765,9.99,0
200663,IndieGame_0663,Cartoon,Simulation,2018,62.0,25380,1197,4.99,0
200664,IndieGame_0664,Hand-Drawn,Platformer,2017,76.2,58158,2128,9.99,0
200665,IndieGame_0665,Voxel,Adventure,2017,81.4,12707,641,0.99,0
200666,IndieGame_0666,Minimalist,RPG,2018,64.8,39388,1931,9.99,0
200667,IndieGame_0667,Pixel Art,Puzzle,2017,49.7,128446,2665,7.99,0
200668,IndieGame_0668,Minimalist,Roguelike,2018,75.5,98730,4520,4.99,0
200669,IndieGame_0669,Hand-Drawn,Simulation,2019,87.5,24514,1225,9.99,0
200670,IndieGame_0670,Minimalist,Puzzle,2017,92.0,36202,988,14.99,0
200671,IndieGame_0671,Pixel Art,Puzzle,2024,73.4,308539,5748,19.99,0
200672,IndieGame_0672,Pixel Art,Action,2016,73.9,154212,1562,9.99,0
200673,IndieGame_0673,Cartoon,Platformer,2021,87.5,940852,30620,7.99,0
200674,IndieGame_0674,Pixel Art,RPG,2020,59.3,350305,9675,2.99,0
200675,IndieGame_0675,Cartoon,Platformer,2025,72.1,307926,11622,4.99,0
200676,IndieGame_0676,Pixel Art,Action,2017,79.9,16074,311,7.99,0
200677,IndieGame_0677,Minimalist,RPG,2020,84.5,162555,8612,4.99,0
200678,IndieGame_0678,Minimalist,RPG,2025,74.9,60986,1395,14.99,0
200679,IndieGame_0679,Low Poly,Adventure,2024,75.3,29942,638,4.99,0
200680,IndieGame_0680,Pixel Art,Platformer,2023,53.1,103987,3539,4.99,0
200681,IndieGame_0681,Pixel Art,Platformer,2018,71.4,264252,9233,7.99,0
200682,IndieGame_0682,Pixel Art,Adventure,2017,82.5,155034,3217,12.99,0
200683,IndieGame_0683,Pixel Art,Horror,2022,68.2,29620,698,9.99,0
200684,IndieGame_0684,Minimalist,Puzzle,2024,80.6,158433,2928,9.99,0
200685,IndieGame_0685,Psychedelic,Action,2021,77.5,18611,854,4.99,0
200686,IndieGame_0686,Cartoon,Platformer,2021,72.6,101162,4906,12.99,0
200687,IndieGame_0687,Realistic,Adventure,2019,71.7,31269,1035,0.0,1
200688,IndieGame_0688,Realistic,Roguelike,2023,60.4,34605,1581,14.99,0
200689,IndieGame_0689,Minimalist,Horror,2018,77.9,163020,7628,7.99,0
200690,IndieGame_0690,Pixel Art,RPG,2019,84.1,24395,412,7.99,0
200691,IndieGame_0691,Psychedelic,Simulation,2020,74.6,412862,24073,7.99,0
200692,IndieGame_0692,Minimalist,Roguelike,2021,74.1,7308,373,9.99,0
200693,IndieGame_0693,Low Poly,Adventure,2018,77.2,28310,572,0.0,1
200694,IndieGame_0694,Pixel Art,Simulation,2017,85.1,132542,2559,14.99,0
200695,IndieGame_0695,Hand-Drawn,Puzzle,2022,61.5,145160,2363,7.99,0
200696,IndieGame_0696,Hand-Drawn,Action,2019,93.6,63821,1079,4.99,0
200697,IndieGame_0697,Cartoon,Simulation,2021,72.6,72809,3451,2.99,0
200698,IndieGame_0698,Low Poly,Horror,2017,79.3,94926,3178,7.99,0
200699,IndieGame_0699,Hand-Drawn,Puzzle,2021,94.0,54564,2681,7.99,0
200700,IndieGame_0700,Voxel,Simulation,2021,57.3,202229,9568,7.99,0
200701,IndieGame_0701,Pixel Art,RPG,2016,70.9,232727,9362,9.99,0
200702,IndieGame_0702,Hand-Drawn,RPG,2019,79.1,205214,9094,7.99,0
200703,IndieGame_0703,Pixel Art,Horror,2017,70.2,26662,291,19.99,0
200704,IndieGame_0704,Realistic,RPG,2016,87.3,40910,1046,9.99,0
200705,IndieGame_0705,Psychedelic,RPG,2025,64.4,27891,1168,12.99,0
200706,IndieGame_0706,Pixel Art,Adventure,2019,72.4,25430,266,0.99,0
200707,IndieGame_0707,Cartoon,RPG,2023,78.0,120169,1399,7.99,0
200708,IndieGame_0708,Pixel Art,Roguelike,2018,66.0,44588,2345,4.99,0
200709,IndieGame_0709,Psychedelic,RPG,2022,69.0,87826,3882,9.99,0
200710,IndieGame_0710,Realistic,Roguelike,2023,73.2,12458,289,14.99,0
200711,IndieGame_0711,Cartoon,Adventure,2021,72.7,613731,27248,0.0,1
200712,IndieGame_0712,Pixel Art,RPG,2020,77.1,28992,1438,0.0,1
200713,IndieGame_0713,Voxel,Horror,2020,65.7,49439,1252,14.99,0
200714,IndieGame_0714,Realistic,Puzzle,2019,54.9,116383,1373,2.99,0
200715,IndieGame_0715,Pixel Art,Horror,2024,81.2,42857,2427,9.99,0
200716,IndieGame_0716,Cartoon,Puzzle,2023,93.5,216950,5913,9.99,0
200717,IndieGame_0717,Pixel Art,Platformer,2025,78.2,19445,297,12.99,0
200718,IndieGame_0718,Cartoon,Puzzle,2017,78.3,445523,15411,0.99,0
200719,IndieGame_0719,Pixel Art,Action,2023,84.9,86455,4186,0.99,0
200720,IndieGame_0720,Minimalist,Action,2024,67.3,31775,669,9.99,0
200721,IndieGame_0721,Low Poly,Action,2018,92.0,40504,950,14.99,0
200722,IndieGame_0722,Pixel Art,Adventure,2016,80.0,224382,4966,7.99,0
200723,IndieGame_0723,Pixel Art,Horror,2023,94.3,42152,2511,4.99,0
200724,IndieGame_0724,Pixel Art,Puzzle,2021,70.7,34585,687,9.99,0
200725,IndieGame_0725,Hand-Drawn,Horror,2024,100.0,55192,2140,14.99,0
200726,IndieGame_0726,Pixel Art,Roguelike,2017,85.8,20703,1164,12.99,0
200727,IndieGame_0727,Low Poly,Action,2023,80.5,515478,8940,19.99,0
200728,IndieGame_0728,Pixel Art,Platformer,2018,80.3,43076,2521,0.0,1
200729,IndieGame_0729,Pixel Art,Adventure,2017,75.5,230578,13229,0.99,0
200730,IndieGame_0730,Realistic,Platformer,2017,82.0,57860,3137,9.99,0
200731,IndieGame_0731,Pixel Art,Puzzle,2023,79.4,26081,540,12.99,0
200732,IndieGame_0732,Psychedelic,RPG,2022,53.3,39715,1656,4.99,0
200733,IndieGame_0733,Cartoon,Platformer,2021,64.8,199839,9601,4.99,0
200734,IndieGame_0734,Minimalist,RPG,2019,78.1,51856,3075,12.99,0
200735,IndieGame_0735,Low Poly,Adventure,2024,78.1,242785,4618,0.0,1
200736,IndieGame_0736,Cartoon,Platformer,2020,75.4,265742,12835,4.99,0
200737,IndieGame_0737,Pixel Art,Platformer,2023,90.2,256043,6897,7.99,0
200738,IndieGame_0738,Pixel Art,Simulation,2020,58.5,48962,919,9.99,0
200739,IndieGame_0739,Pixel Art,Adventure,2020,79.4,23262,722,9.99,0
200740,IndieGame_0740,Realistic,Adventure,2020,51.8,21549,1070,4.99,0
200741,IndieGame_0741,Pixel Art,Action,2019,85.6,107569,3575,9.99,0
200742,IndieGame_0742,Low Poly,Puzzle,2023,74.1,111652,4117,9.99,0
200743,IndieGame_0743,Voxel,Platformer,2021,75.2,2805,167,9.99,0
200744,IndieGame_0744,Cartoon,Horror,2018,67.4,77244,2313,9.99,0
200745,IndieGame_0745,Low Poly,Platformer,2024,87.8,70115,2858,4.99,0
200746,IndieGame_0746,Pixel Art,Roguelike,2020,88.4,60922,1721,0.99,0
200747,IndieGame_0747,Cartoon,Adventure,2021,81.8,367321,10887,0.99,0
200748,IndieGame_0748,Low Poly,Horror,2024,73.7,96214,4308,2.99,0
200749,IndieGame_0749,Pixel Art,Adventure,2022,83.8,409477,23296,7.99,0
200750,IndieGame_0750,Pixel Art,Puzzle,2017,70.9,65594,2434,12.99,0
200751,IndieGame_0751,Psychedelic,Adventure,2024,81.6,123205,5965,9.99,0
200752,IndieGame_0752,Minimalist,RPG,2022,96.5,462416,6686,12.99,0
200753,IndieGame_0753,Cartoon,RPG,2019,86.7,376433,7738,4.99,0
200754,IndieGame_0754,Cartoon,Simulation,2017,68.7,21033,738,7.99,0
200755,IndieGame_0755,Low Poly,RPG,2023,78.6,42778,470,7.99,0
200756,IndieGame_0756,Low Poly,RPG,2022,62.1,38330,867,2.99,0
200757,IndieGame_0757,Hand-Drawn,Puzzle,2021,87.7,129511,4645,0.0,1
200758,IndieGame_0758,Pixel Art,Platformer,2024,82.5,193693,2081,9.99,0
200759,IndieGame_0759,Hand-Drawn,RPG,2023,63.3,26311,611,19.99,0
200760,IndieGame_0760,Realistic,Horror,2017,58.4,48816,1742,2.99,0
200761,IndieGame_0761,Low Poly,Simulation,2019,72.2,5137,198,0.0,1
200762,IndieGame_0762,Cartoon,Adventure,2018,73.0,440117,24773,12.99,0
200763,IndieGame_0763,Hand-Drawn,RPG,2023,69.9,38932,1645,4.99,0
200764,IndieGame_0764,Low Poly,Simulation,2015,78.9,62021,1906,12.99,0
200765,IndieGame_0765,Minimalist,Puzzle,2021,82.5,44826,2533,9.99,0
200766,IndieGame_0766,Low Poly,Roguelike,2023,73.1,229447,11298,14.99,0
200767,IndieGame_0767,Minimalist,Roguelike,2024,72.4,2158,43,7.99,0
200768,IndieGame_0768,Pixel Art,Roguelike,2019,88.5,83322,1378,9.99,0
200769,IndieGame_0769,Low Poly,Adventure,2023,91.6,51083,2236,7.99,0
200770,IndieGame_0770,Pixel Art,Simulation,2017,73.2,49317,1873,9.99,0
200771,IndieGame_0771,Hand-Drawn,RPG,2024,75.9,571427,28276,7.99,0
200772,IndieGame_0772,Hand-Drawn,Platformer,2017,86.9,24825,1165,2.99,0
200773,IndieGame_0773,Minimalist,Adventure,2020,76.4,164110,6771,7.99,0
200774,IndieGame_0774,Voxel,Adventure,2023,69.6,58270,3456,7.99,0
200775,IndieGame_0775,Low Poly,Roguelike,2017,82.4,263556,9667,12.99,0
200776,IndieGame_0776,Realistic,Platformer,2018,50.9,20207,316,12.99,0
200777,IndieGame_0777,Low Poly,Roguelike,2023,88.2,24067,1237,9.99,0
200778,IndieGame_0778,Minimalist,Adventure,2023,80.7,242177,5471,0.99,0
200779,IndieGame_0779,Pixel Art,RPG,2022,73.9,141604,6919,9.99,0
200780,IndieGame_0780,Pixel Art,Roguelike,2022,77.1,13312,770,7.99,0
200781,IndieGame_0781,Hand-Drawn,Roguelike,2021,81.6,37693,1690,14.99,0
200782,IndieGame_0782,Hand-Drawn,Horror,2018,64.7,114471,4556,14.99,0
200783,IndieGame_0783,Pixel Art,Roguelike,2019,92.9,232285,7669,0.0,1
200784,IndieGame_0784,Pixel Art,Adventure,2018,78.4,37621,1061,12.99,0
200785,IndieGame_0785,Pixel Art,RPG,2024,82.4,2574,71,0.0,1
200786,IndieGame_0786,Voxel,Platformer,2021,80.5,71197,2977,4.99,0
200787,IndieGame_0787,Hand-Drawn,Action,2020,71.8,16647,791,9.99,0
200788,IndieGame_0788,Hand-Drawn,Platformer,2020,86.7,6397,280,2.99,0
200789,IndieGame_0789,Pixel Art,RPG,2024,75.3,2840,56,12.99,0
200790,IndieGame_0790,Low Poly,Puzzle,2017,83.5,154041,5345,0.0,1
200791,IndieGame_0791,Pixel Art,Roguelike,2021,56.7,99185,4917,2.99,0
200792,IndieGame_0792,Pixel Art,Platformer,2021,77.0,64836,2190,9.99,0
200793,IndieGame_0793,Low Poly,Puzzle,2022,69.0,307130,11311,9.99,0
200794,IndieGame_0794,Pixel Art,Puzzle,2015,82.3,182626,8867,14.99,0
200795,IndieGame_0795,Pixel Art,RPG,2024,82.7,591233,25460,9.99,0
200796,IndieGame_0796,Pixel Art,RPG,2024,70.9,15980,486,9.99,0
200797,IndieGame_0797,Pixel Art,Horror,2021,70.9,81547,4466,7.99,0
200798,IndieGame_0798,Pixel Art,Roguelike,2022,76.9,12214,221,0.0,1
200799,IndieGame_0799,Hand-Drawn,Action,2024,73.0,54675,3268,0.99,0
200800,IndieGame_0800,Cartoon,Simulation,2022,84.4,57879,922,9.99,0
200801,IndieGame_0801,Low Poly,Adventure,2017,71.3,123023,1322,9.99,0
200802,IndieGame_0802,Low Poly,Platformer,2021,45.9,61259,3338,7.99,0
200803,IndieGame_0803,Pixel Art,RPG,2022,74.3,179601,3995,12.99,0
200804,IndieGame_0804,Psychedelic,Platformer,2020,62.6,93037,4324,7.99,0
200805,IndieGame_0805,Hand-Drawn,Simulation,2023,65.7,955830,48317,0.0,1
200806,IndieGame_0806,Pixel Art,Simulation,2024,65.6,58223,3082,2.99,0
200807,IndieGame_0807,Low Poly,Roguelike,2024,76.1,18750,1117,12.99,0
200808,IndieGame_0808,Pixel Art,Puzzle,2020,91.3,114200,2820,9.99,0
200809,IndieGame_0809,Hand-Drawn,Roguelike,2017,85.1,27492,1251,14.99,0
200810,IndieGame_0810,Low Poly,Adventure,2025,68.9,343365,5414,0.99,0
200811,IndieGame_0811,Cartoon,Action,2023,80.6,55525,1684,19.99,0
200812,IndieGame_0812,Hand-Drawn,Platformer,2017,77.4,36524,1913,2.99,0
200813,IndieGame_0813,Minimalist,Adventure,2024,73.1,36922,1047,0.0,1
200814,IndieGame_0814,Voxel,Horror,2024,59.5,89988,3559,19.99,0
200815,IndieGame_0815,Pixel Art,Action,2021,60.5,70341,2475,4.99,0
200816,IndieGame_0816,Pixel Art,Platformer,2021,74.1,39356,1664,9.99,0
200817,IndieGame_0817,Hand-Drawn,Adventure,2020,83.6,531173,31150,2.99,0
200818,IndieGame_0818,Hand-Drawn,RPG,2016,81.0,25771,329,9.99,0
200819,IndieGame_0819,Hand-Drawn,Platformer,2019,77.8,75139,2907,14.99,0
200820,IndieGame_0820,Psychedelic,Adventure,2023,63.5,87500,4650,4.99,0
200821,IndieGame_0821,Minimalist,Simulation,2015,86.1,9177,312,9.99,0
200822,IndieGame_0822,Low Poly,Action,2019,61.8,103208,1437,2.99,0
200823,IndieGame_0823,Pixel Art,Adventure,2020,85.8,23963,911,9.99,0
200824,IndieGame_0824,Cartoon,RPG,2021,66.0,209358,5569,4.99,0
200825,IndieGame_0825,Voxel,Roguelike,2024,63.5,11970,212,2.99,0
200826,IndieGame_0826,Cartoon,Platformer,2019,61.3,179115,9394,4.99,0
200827,IndieGame_0827,Pixel Art,Horror,2019,73.0,320425,11560,2.99,0
200828,IndieGame_0828,Minimalist,Platformer,2023,89.8,182748,10355,14.99,0
200829,IndieGame_0829,Pixel Art,Platformer,2020,83.2,114919,5780,7.99,0
200830,IndieGame_0830,Pixel Art,RPG,2018,87.8,64398,2875,4.99,0
200831,IndieGame_0831,Pixel Art,Action,2020,83.2,42561,436,7.99,0
200832,IndieGame_0832,Low Poly,Platformer,2017,64.0,338893,10638,4.99,0
200833,IndieGame_0833,Minimalist,Action,2017,76.7,28078,558,12.99,0
200834,IndieGame_0834,Pixel Art,Adventure,2021,70.2,24487,1360,19.99,0
200835,IndieGame_0835,Hand-Drawn,Simulation,2020,95.3,159989,2996,7.99,0
200836,IndieGame_0836,Hand-Drawn,Horror,2024,70.0,27696,673,14.99,0
200837,IndieGame_0837,Hand-Drawn,Simulation,2019,90.9,23025,825,9.99,0
200838,IndieGame_0838,Pixel Art,Action,2021,86.9,15034,348,2.99,0
200839,IndieGame_0839,Hand-Drawn,Action,2022,100.0,40333,826,9.99,0
200840,IndieGame_0840,Realistic,Simulation,2015,65.9,40747,1628,7.99,0
200841,IndieGame_0841,Pixel Art,Platformer,2022,85.1,113790,1643,9.99,0
200842,IndieGame_0842,Pixel Art,Puzzle,2017,100.0,266192,3436,14.99,0
200843,IndieGame_0843,Hand-Drawn,Puzzle,2025,75.8,135496,3876,7.99,0
200844,IndieGame_0844,Psychedelic,RPG,2017,57.6,31811,1464,14.99,0
200845,IndieGame_0845,Minimalist,Horror,2020,61.2,51241,1933,12.99,0
200846,IndieGame_0846,Minimalist,Roguelike,2016,87.1,119890,3733,7.99,0
200847,IndieGame_0847,Hand-Drawn,Simulation,2025,63.2,331540,12693,9.99,0
200848,IndieGame_0848,Low Poly,Simulation,2021,71.3,67492,1908,4.99,0
200849,IndieGame_0849,Pixel Art,RPG,2021,82.4,48409,2749,19.99,0
200850,IndieGame_0850,Minimalist,Horror,2016,81.9,19745,251,9.99,0
200851,IndieGame_0851,Psychedelic,Puzzle,2023,77.3,7061,308,0.0,1
200852,IndieGame_0852,Low Poly,Adventure,2018,77.2,129019,7039,4.99,0
200853,IndieGame_0853,Cartoon,Platformer,2024,88.8,156066,7833,9.99,0
200854,IndieGame_0854,Realistic,Platformer,2018,60.5,89972,1727,0.0,1
200855,IndieGame_0855,Pixel Art,Adventure,2018,71.2,72839,1806,0.0,1
200856,IndieGame_0856,Psychedelic,Adventure,2015,65.3,216415,9923,7.99,0
200857,IndieGame_0857,Pixel Art,Horror,2020,86.3,47546,675,4.99,0
200858,IndieGame_0858,Low Poly,Puzzle,2021,84.0,182502,9233,7.99,0
200859,IndieGame_0859,Pixel Art,RPG,2016,82.5,81138,3727,4.99,0
200860,IndieGame_0860,Pixel Art,Adventure,2023,89.8,40961,1903,2.99,0
200861,IndieGame_0861,Hand-Drawn,RPG,2020,70.2,146599,2200,9.99,0
200862,IndieGame_0862,Pixel Art,Horror,2021,94.7,138963,6376,7.99,0
200863,IndieGame_0863,Hand-Drawn,Roguelike,2020,97.2,110501,4861,2.99,0
200864,IndieGame_0864,Low Poly,Action,2020,82.4,63942,3295,4.99,0
200865,IndieGame_0865,Pixel Art,Platformer,2021,95.8,81221,981,9.99,0
200866,IndieGame_0866,Pixel Art,Puzzle,2017,61.4,1493231,16657,0.0,1
200867,IndieGame_0867,Low Poly,Platformer,2018,69.8,240218,6882,2.99,0
200868,IndieGame_0868,Hand-Drawn,Puzzle,2024,74.6,171410,2989,0.0,1
200869,IndieGame_0869,Realistic,Horror,2024,77.2,51460,1951,12.99,0
200870,IndieGame_0870,Minimalist,Action,2020,69.5,217669,12160,12.99,0
200871,IndieGame_0871,Cartoon,Platformer,2019,83.6,145227,4294,12.99,0
200872,IndieGame_0872,Minimalist,Action,2022,93.7,67076,3504,9.99,0
200873,IndieGame_0873,Hand-Drawn,Horror,2020,89.0,50018,500,9.99,0
200874,IndieGame_0874,Minimalist,Puzzle,2015,82.8,58985,1086,7.99,0
200875,IndieGame_0875,Pixel Art,Adventure,2017,68.1,1892,21,9.99,0
200876,IndieGame_0876,Pixel Art,Roguelike,2022,69.5,109439,2889,0.0,1
200877,IndieGame_0877,Realistic,Platformer,2022,82.5,25040,1387,9.99,0
200878,IndieGame_0878,Hand-Drawn,Action,2015,89.8,486808,7227,12.99,0
200879,IndieGame_0879,Realistic,Simulation,2018,69.6,46056,1857,7.99,0
200880,IndieGame_0880,Cartoon,Platformer,2018,71.8,18726,609,4.99,0
200881,IndieGame_0881,Cartoon,Platformer,2022,55.7,73468,4182,4.99,0
200882,IndieGame_0882,Psychedelic,Platformer,2015,62.3,11399,183,9.99,0
200883,IndieGame_0883,Hand-Drawn,RPG,2017,100.0,127072,2617,9.99,0
200884,IndieGame_0884,Pixel Art,Action,2023,65.2,120516,1383,14.99,0
200885,IndieGame_0885,Low Poly,Action,2017,76.9,183066,5802,4.99,0
200886,IndieGame_0886,Hand-Drawn,Platformer,2022,92.1,27871,665,12.99,0
200887,IndieGame_0887,Low Poly,Horror,2018,62.5,60415,3231,9.99,0
200888,IndieGame_0888,Minimalist,Horror,2016,81.8,12633,508,14.99,0
200889,IndieGame_0889,Minimalist,Adventure,2018,89.4,150834,6139,7.99,0
200890,IndieGame_0890,Hand-Drawn,Platformer,2023,82.1,134197,4911,7.99,0
200891,IndieGame_0891,Pixel Art,RPG,2024,100.0,154102,2248,9.99,0
200892,IndieGame_0892,Hand-Drawn,Puzzle,2023,65.3,72140,2326,12.99,0
200893,IndieGame_0893,Pixel Art,RPG,2020,88.6,139823,8385,19.99,0
200894,IndieGame_0894,Cartoon,Horror,2022,74.3,534812,27682,0.0,1
200895,IndieGame_0895,Hand-Drawn,Adventure,2018,89.7,51139,2795,0.0,1
200896,IndieGame_0896,Pixel Art,Horror,2019,82.4,100386,5135,14.99,0
200897,IndieGame_0897,Pixel Art,Horror,2024,70.7,23087,349,7.99,0
200898,IndieGame_0898,Minimalist,Horror,2015,82.3,22930,490,9.99,0
200899,IndieGame_0899,Minimalist,Platformer,2016,61.4,73095,742,7.99,0
200900,IndieGame_0900,Hand-Drawn,Horror,2018,88.0,270801,6817,0.99,0
200901,IndieGame_0901,Pixel Art,Action,2015,81.0,62496,964,12.99,0
200902,IndieGame_0902,Hand-Drawn,Roguelike,2018,88.4,54248,1824,12.99,0
200903,IndieGame_0903,Pixel Art,Simulation,2021,88.6,52163,2287,4.99,0
200904,IndieGame_0904,Minimalist,Platformer,2020,83.7,34215,1838,4.99,0
200905,IndieGame_0905,Low Poly,Adventure,2024,76.5,82632,3921,12.99,0
200906,IndieGame_0906,Hand-Drawn,Action,2023,73.2,11940,679,0.0,1
200907,IndieGame_0907,Pixel Art,RPG,2019,70.9,395352,5018,14.99,0
200908,IndieGame_0908,Voxel,Horror,2018,82.9,17100,181,4.99,0
200909,IndieGame_0909,Hand-Drawn,Puzzle,2020,96.4,171220,7373,9.99,0
200910,IndieGame_0910,Minimalist,Puzzle,2021,77.6,14159,346,14.99,0
200911,IndieGame_0911,Pixel Art,Roguelike,2018,78.5,189665,4300,9.99,0
200912,IndieGame_0912,Hand-Drawn,Platformer,2022,73.0,161257,4280,7.99,0
200913,IndieGame_0913,Pixel Art,RPG,2020,89.7,134786,3166,9.99,0
200914,IndieGame_0914,Low Poly,Roguelike,2021,81.7,17586,625,4.99,0
200915,IndieGame_0915,Voxel,Simulation,2020,90.4,51266,1640,4.99,0
200916,IndieGame_0916,Hand-Drawn,Simulation,2019,73.2,17409,620,19.99,0
200917,IndieGame_0917,Pixel Art,Roguelike,2024,74.2,62761,2738,12.99,0
200918,IndieGame_0918,Pixel Art,Adventure,2023,80.3,292348,8582,9.99,0
200919,IndieGame_0919,Hand-Drawn,Puzzle,2017,88.5,187299,4226,4.99,0
200920,IndieGame_0920,Pixel Art,RPG,2024,75.8,86562,1584,0.0,1
200921,IndieGame_0921,Pixel Art,Platformer,2021,69.3,26387,724,0.0,1
200922,IndieGame_0922,Realistic,Horror,2024,78.8,97647,4598,9.99,0
200923,IndieGame_0923,Hand-Drawn,Action,2023,89.2,73694,3525,12.99,0
200924,IndieGame_0924,Pixel Art,Platformer,2020,68.8,5250,227,9.99,0
200925,IndieGame_0925,Psychedelic,Platformer,2015,86.6,102312,2220,12.99,0
200926,IndieGame_0926,Pixel Art,RPG,2018,89.7,82563,3253,0.0,1
200927,IndieGame_0927,Voxel,Puzzle,2021,72.3,160858,6198,4.99,0
200928,IndieGame_0928,Pixel Art,RPG,2022,78.8,22835,781,4.99,0
200929,IndieGame_0929,Cartoon,Action,2018,81.5,1724,64,7.99,0
200930,IndieGame_0930,Low Poly,Roguelike,2017,66.4,81072,2804,0.0,1
200931,IndieGame_0931,Cartoon,RPG,2023,76.3,110673,4235,19.99,0
200932,IndieGame_0932,Voxel,Adventure,2025,49.5,4996,228,2.99,0
200933,IndieGame_0933,Pixel Art,Platformer,2021,86.8,26270,406,14.99,0
200934,IndieGame_0934,Voxel,Puzzle,2017,55.4,1036751,49226,7.99,0
200935,IndieGame_0935,Hand-Drawn,Horror,2019,97.0,49895,837,19.99,0
200936,IndieGame_0936,Hand-Drawn,Simulation,2015,78.7,173090,2307,9.99,0
200937,IndieGame_0937,Hand-Drawn,Action,2024,79.9,32979,1939,14.99,0
200938,IndieGame_0938,Low Poly,Simulation,2017,68.7,4721,273,0.0,1
200939,IndieGame_0939,Pixel Art,Platformer,2021,75.1,69292,902,12.99,0
200940,IndieGame_0940,Low Poly,RPG,2019,89.2,42170,1356,14.99,0
200941,IndieGame_0941,Low Poly,Simulation,2021,50.1,35894,693,2.99,0
200942,IndieGame_0942,Realistic,Adventure,2022,82.8,39216,1343,0.99,0
200943,IndieGame_0943,Cartoon,RPG,2023,79.4,107107,5516,7.99,0
200944,IndieGame_0944,Hand-Drawn,Platformer,2018,69.9,60131,3459,14.99,0
200945,IndieGame_0945,Pixel Art,Simulation,2015,67.2,18649,777,9.99,0
200946,IndieGame_0946,Pixel Art,Horror,2017,94.8,152333,4218,7.99,0
200947,IndieGame_0947,Pixel Art,Roguelike,2024,68.5,8194,329,2.99,0
200948,IndieGame_0948,Pixel Art,Action,2024,66.5,7258,185,0.0,1
200949,IndieGame_0949,Hand-Drawn,Simulation,2021,93.4,174807,9700,12.99,0
200950,IndieGame_0950,Pixel Art,Horror,2022,81.4,156190,8359,0.99,0
200951,IndieGame_0951,Voxel,Roguelike,2022,61.6,35470,1344,9.99,0
200952,IndieGame_0952,Low Poly,Roguelike,2017,77.2,10868,285,14.99,0
200953,IndieGame_0953,Hand-Drawn,Simulation,2024,71.7,30789,759,2.99,0
200954,IndieGame_0954,Low Poly,Puzzle,2020,86.0,42315,493,9.99,0
200955,IndieGame_0955,Pixel Art,Simulation,2020,88.6,12523,636,0.0,1
200956,IndieGame_0956,Hand-Drawn,Platformer,2021,87.3,29660,964,9.99,0
200957,IndieGame_0957,Minimalist,Roguelike,2016,83.6,142192,3733,2.99,0
200958,IndieGame_0958,Hand-Drawn,Action,2017,99.6,399188,13394,12.99,0
200959,IndieGame_0959,Hand-Drawn,Platformer,2023,82.0,43525,2217,4.99,0
200960,IndieGame_0960,Voxel,Adventure,2016,59.2,94195,1528,7.99,0
200961,IndieGame_0961,Cartoon,RPG,2022,80.5,7844,414,9.99,0
200962,IndieGame_0962,Minimalist,Simulation,2018,100.0,143413,7869,2.99,0
200963,IndieGame_0963,Low Poly,Puzzle,2020,64.9,22102,1267,12.99,0
200964,IndieGame_0964,Minimalist,Action,2019,76.4,93991,2807,4.99,0
200965,IndieGame_0965,Pixel Art,Puzzle,2019,82.2,63139,1316,9.99,0
200966,IndieGame_0966,Hand-Drawn,Puzzle,2022,81.5,351132,10071,2.99,0
200967,IndieGame_0967,Pixel Art,Puzzle,2019,68.2,29764,793,9.99,0
200968,IndieGame_0968,Hand-Drawn,Simulation,2021,93.2,152901,2875,0.99,0
200969,IndieGame_0969,Low Poly,Action,2020,98.2,41472,1673,7.99,0
200970,IndieGame_0970,Pixel Art,Action,2022,80.0,70293,2378,4.99,0
200971,IndieGame_0971,Voxel,Roguelike,2024,62.0,30476,1623,12.99,0
200972,IndieGame_0972,Psychedelic,Puzzle,2023,57.5,14498,168,4.99,0
200973,IndieGame_0973,Realistic,Roguelike,2018,72.6,44245,1866,14.99,0
200974,IndieGame_0974,Low Poly,Roguelike,2015,86.0,53799,2590,14.99,0
200975,IndieGame_0975,Cartoon,RPG,2018,80.8,104188,4998,2.99,0
200976,IndieGame_0976,Pixel Art,Simulation,2021,78.0,94071,5108,9.99,0
200977,IndieGame_0977,Realistic,Simulation,2016,64.1,117243,5446,0.99,0
200978,IndieGame_0978,Pixel Art,Platformer,2021,67.1,257459,14518,7.99,0
200979,IndieGame_0979,Realistic,Horror,2021,78.3,12754,339,9.99,0
200980,IndieGame_0980,Pixel Art,Roguelike,2019,87.1,241091,8476,9.99,0
200981,IndieGame_0981,Cartoon,Simulation,2023,60.5,18785,201,9.99,0
200982,IndieGame_0982,Psychedelic,Puzzle,2017,88.9,80988,838,4.99,0
200983,IndieGame_0983,Pixel Art,Horror,2016,83.7,178812,3934,4.99,0
200984,IndieGame_0984,Hand-Drawn,Adventure,2023,96.0,7265,109,0.99,0
200985,IndieGame_0985,Voxel,Puzzle,2021,57.6,42485,977,9.99,0
200986,IndieGame_0986,Hand-Drawn,Action,2022,68.3,41036,773,7.99,0
200987,IndieGame_0987,Cartoon,Simulation,2020,74.5,31380,358,9.99,0
200988,IndieGame_0988,Low Poly,Horror,2018,80.0,293379,16272,4.99,0
200989,IndieGame_0989,Hand-Drawn,Simulation,2023,100.0,32859,342,4.99,0
200990,IndieGame_0990,Pixel Art,Platformer,2023,85.1,32297,1511,4.99,0
200991,IndieGame_0991,Pixel Art,Roguelike,2022,75.6,93082,1638,0.0,1
200992,IndieGame_0992,Realistic,Adventure,2019,59.7,102449,5697,4.99,0
200993,IndieGame_0993,Hand-Drawn,Simulation,2021,94.3,60745,3319,12.99,0
200994,IndieGame_0994,Low Poly,Platformer,2019,65.4,235118,10038,14.99,0
200995,IndieGame_0995,Hand-Drawn,Platformer,2016,98.3,136160,5938,7.99,0
200996,IndieGame_0996,Low Poly,Adventure,2024,72.2,4248,43,7.99,0
200997,IndieGame_0997,Cartoon,Puzzle,2017,91.9,41320,2447,0.0,1
200998,IndieGame_0998,Voxel,Puzzle,2025,77.8,19363,1043,14.99,0
200999,IndieGame_0999,Hand-Drawn,Puzzle,2020,80.6,127983,7007,0.0,1
201000,IndieGame_1000,Cartoon,RPG,2018,70.8,3343,143,14.99,0
201001,IndieGame_1001,Realistic,Roguelike,2021,66.6,958600,26111,7.99,0
201002,IndieGame_1002,Low Poly,Horror,2024,79.3,109691,5998,4.99,0
201003,IndieGame_1003,Voxel,Roguelike,2023,71.8,45432,1116,14.99,0
201004,IndieGame_1004,Pixel Art,Puzzle,2023,72.1,350910,13382,0.0,1
201005,IndieGame_1005,Pixel Art,Adventure,2022,76.3,1415214,21209,9.99,0
201006,IndieGame_1006,Cartoon,RPG,2022,76.8,221762,12440,9.99,0
201007,IndieGame_1007,Hand-Drawn,Roguelike,2024,60.7,224806,3830,2.99,0
201008,IndieGame_1008,Cartoon,Puzzle,2018,80.6,91243,1938,7.99,0
201009,IndieGame_1009,Cartoon,RPG,2021,66.2,65816,2494,9.99,0
201010,IndieGame_1010,Pixel Art,Horror,2018,66.5,48023,2314,9.99,0
201011,IndieGame_1011,Cartoon,Adventure,2025,59.1,28944,1185,0.0,1
201012,IndieGame_1012,Hand-Drawn,Puzzle,2024,64.1,31571,682,14.99,0
201013,IndieGame_1013,Low Poly,Horror,2015,61.4,11470,115,2.99,0
201014,IndieGame_1014,Minimalist,Action,2022,72.9,59343,2840,4.99,0
201015,IndieGame_1015,Psychedelic,Horror,2024,92.5,5297,313,4.99,0
201016,IndieGame_1016,Pixel Art,Simulation,2018,72.7,106884,5397,0.0,1
201017,IndieGame_1017,Hand-Drawn,Adventure,2021,83.8,68928,2275,0.99,0
201018,IndieGame_1018,Minimalist,Horror,2024,84.0,77533,4278,19.99,0
201019,IndieGame_1019,Realistic,Horror,2015,71.3,24049,733,4.99,0
201020,IndieGame_1020,Minimalist,Platformer,2022,79.2,2608732,94557,0.99,0
201021,IndieGame_1021,Pixel Art,Platformer,2019,66.0,434758,14719,0.99,0
201022,IndieGame_1022,Pixel Art,Horror,2024,92.5,19090,618,9.99,0
201023,IndieGame_1023,Hand-Drawn,Horror,2025,100.0,95212,4642,14.99,0
201024,IndieGame_1024,Cartoon,Adventure,2024,59.2,37603,1366,4.99,0
201025,IndieGame_1025,Pixel Art,Platformer,2020,67.8,25160,650,0.0,1
201026,IndieGame_1026,Pixel Art,Roguelike,2024,75.2,17022,389,2.99,0
201027,IndieGame_1027,Voxel,Adventure,2024,61.4,63831,758,0.0,1
201028,IndieGame_1028,Pixel Art,Action,2019,83.1,37524,1469,0.99,0
201029,IndieGame_1029,Voxel,Adventure,2023,63.7,121386,2609,7.99,0
201030,IndieGame_1030,Minimalist,Puzzle,2015,100.0,214203,3728,2.99,0
201031,IndieGame_1031,Cartoon,Puzzle,2021,87.9,405615,17316,7.99,0
201032,IndieGame_1032,Pixel Art,RPG,2018,80.1,30562,1346,4.99,0
201033,IndieGame_1033,Pixel Art,Platformer,2017,88.3,150368,7158,14.99,0
201034,IndieGame_1034,Realistic,Horror,2016,81.1,96120,3381,14.99,0
201035,IndieGame_1035,Cartoon,Simulation,2022,70.4,44154,2415,9.99,0
201036,IndieGame_1036,Realistic,Platformer,2019,61.8,17823,1012,4.99,0
201037,IndieGame_1037,Pixel Art,Roguelike,2023,78.8,586443,29538,7.99,0
201038,IndieGame_1038,Realistic,Adventure,2016,78.6,59125,2470,7.99,0
201039,IndieGame_1039,Realistic,Simulation,2019,71.4,96527,2431,9.99,0
201040,IndieGame_1040,Minimalist,Simulation,2021,64.2,24237,1433,7.99,0
201041,IndieGame_1041,Realistic,Horror,2023,62.0,10417,246,14.99,0
201042,IndieGame_1042,Cartoon,Horror,2019,75.3,39384,792,14.99,0
201043,IndieGame_1043,Low Poly,Platformer,2022,74.2,49979,1604,4.99,0
201044,IndieGame_1044,Pixel Art,Simulation,2024,97.7,23702,304,9.99,0
201045,IndieGame_1045,Hand-Drawn,Simulation,2022,68.1,71154,4192,0.99,0
201046,IndieGame_1046,Pixel Art,Puzzle,2018,83.1,11205,441,2.99,0
201047,IndieGame_1047,Hand-Drawn,Action,2015,96.9,18776,710,7.99,0
201048,IndieGame_1048,Hand-Drawn,Horror,2024,100.0,161057,6891,2.99,0
201049,IndieGame_1049,Pixel Art,Adventure,2015,74.0,175422,6113,14.99,0
201050,IndieGame_1050,Hand-Drawn,Platformer,2024,86.9,44988,522,2.99,0
201051,IndieGame_1051,Pixel Art,Horror,2021,83.7,25061,1017,7.99,0
201052,IndieGame_1052,Cartoon,Puzzle,2024,78.0,22733,1041,9.99,0
201053,IndieGame_1053,Psychedelic,Roguelike,2023,72.0,25558,788,9.99,0
201054,IndieGame_1054,Pixel Art,Horror,2025,82.4,184209,8817,7.99,0
201055,IndieGame_1055,Voxel,Roguelike,2019,45.7,115755,2471,14.99,0
201056,IndieGame_1056,Low Poly,RPG,2023,81.8,31963,673,9.99,0
201057,IndieGame_1057,Pixel Art,Simulation,2020,79.3,21294,384,7.99,0
201058,IndieGame_1058,Pixel Art,Simulation,2020,75.8,117221,3352,0.0,1
201059,IndieGame_1059,Low Poly,Platformer,2022,95.5,21589,1130,7.99,0
201060,IndieGame_1060,Realistic,Action,2024,63.3,24161,1241,12.99,0
201061,IndieGame_1061,Minimalist,Action,2025,76.0,318849,9291,9.99,0
201062,IndieGame_1062,Pixel Art,Platformer,2023,97.9,229336,9048,12.99,0
201063,IndieGame_1063,Pixel Art,Platformer,2020,69.7,102741,4730,7.99,0
201064,IndieGame_1064,Hand-Drawn,Puzzle,2020,76.5,15648,345,0.99,0
201065,IndieGame_1065,Pixel Art,Roguelike,2023,76.5,109544,2016,0.0,1
201066,IndieGame_1066,Pixel Art,Platformer,2018,86.4,304247,17830,4.99,0
201067,IndieGame_1067,Pixel Art,Roguelike,2017,80.1,54157,2213,9.99,0
201068,IndieGame_1068,Cartoon,Horror,2019,63.1,394668,23313,12.99,0
201069,IndieGame_1069,Psychedelic,Horror,2019,67.7,188702,5073,4.99,0
201070,IndieGame_1070,Hand-Drawn,RPG,2019,75.9,530142,23936,7.99,0
201071,IndieGame_1071,Psychedelic,Roguelike,2018,72.2,57695,1219,7.99,0
201072,IndieGame_1072,Hand-Drawn,Puzzle,2016,86.3,145698,3359,7.99,0
201073,IndieGame_1073,Hand-Drawn,Horror,2015,86.2,392953,13987,4.99,0
201074,IndieGame_1074,Pixel Art,Simulation,2025,60.2,145405,3777,2.99,0
201075,IndieGame_1075,Minimalist,Simulation,2020,90.6,35619,654,2.99,0
201076,IndieGame_1076,Voxel,Horror,2020,73.5,22183,513,0.0,1
201077,IndieGame_1077,Low Poly,Horror,2022,88.8,77223,910,2.99,0
201078,IndieGame_1078,Hand-Drawn,Horror,2018,86.4,15302,691,0.0,1
201079,IndieGame_1079,Minimalist,Roguelike,2024,91.0,54733,1894,9.99,0
201080,IndieGame_1080,Pixel Art,Simulation,2023,82.7,316875,4661,4.99,0
201081,IndieGame_1081,Cartoon,Simulation,2016,89.5,5624,104,19.99,0
201082,IndieGame_1082,Low Poly,Adventure,2020,80.2,365703,5531,2.99,0
201083,IndieGame_1083,Hand-Drawn,Horror,2024,81.0,276860,11248,4.99,0
201084,IndieGame_1084,Low Poly,RPG,2024,97.7,33405,491,4.99,0
201085,IndieGame_1085,Minimalist,Horror,2020,88.9,124768,5953,0.0,1
201086,IndieGame_1086,Pixel Art,Puzzle,2022,83.7,85321,940,12.99,0
201087,IndieGame_1087,Minimalist,Puzzle,2017,67.2,284398,6390,0.0,1
201088,IndieGame_1088,Pixel Art,Simulation,2025,65.1,276406,15073,14.99,0
201089,IndieGame_1089,Minimalist,Horror,2018,82.9,12113,556,14.99,0
201090,IndieGame_1090,Cartoon,Action,2024,77.5,157815,2153,9.99,0
201091,IndieGame_1091,Cartoon,Puzzle,2022,69.9,60943,3111,9.99,0
201092,IndieGame_1092,Low Poly,Horror,2022,76.4,64061,2219,9.99,0
201093,IndieGame_1093,Low Poly,RPG,2021,90.9,24206,1266,7.99,0
201094,IndieGame_1094,Pixel Art,Platformer,2018,85.0,692574,27728,9.99,0
201095,IndieGame_1095,Realistic,Horror,2017,58.6,156763,6911,0.0,1
201096,IndieGame_1096,Pixel Art,RPG,2018,76.9,34985,2087,0.0,1
201097,IndieGame_1097,Hand-Drawn,Simulation,2018,74.0,14514,313,7.99,0
201098,IndieGame_1098,Pixel Art,Simulation,2023,74.1,53508,2204,9.99,0
201099,IndieGame_1099,Pixel Art,Adventure,2019,73.9,143173,4727,14.99,0
201100,IndieGame_1100,Minimalist,Roguelike,2016,75.2,86715,1038,0.99,0
201101,IndieGame_1101,Pixel Art,Puzzle,2025,65.4,382378,4100,12.99,0
201102,IndieGame_1102,Realistic,Roguelike,2024,68.7,116113,1853,2.99,0
201103,IndieGame_1103,Pixel Art,Horror,2024,72.4,272090,11551,7.99,0
201104,IndieGame_1104,Pixel Art,Roguelike,2025,48.7,125823,4826,4.99,0
201105,IndieGame_1105,Low Poly,Puzzle,2017,95.5,10949,412,7.99,0
201106,IndieGame_1106,Pixel Art,Puzzle,2020,88.9,67209,779,2.99,0
201107,IndieGame_1107,Pixel Art,Horror,2023,74.2,303311,10150,7.99,0
201108,IndieGame_1108,Minimalist,Simulation,2022,80.2,61102,3435,12.99,0
201109,IndieGame_1109,Pixel Art,Puzzle,2017,66.3,155455,4644,7.99,0
201110,IndieGame_1110,Cartoon,Action,2023,93.0,53208,2194,7.99,0
201111,IndieGame_1111,Pixel Art,Action,2018,97.0,24701,1210,12.99,0
201112,IndieGame_1112,Pixel Art,Platformer,2018,79.6,73305,3606,9.99,0
201113,IndieGame_1113,Realistic,Puzzle,2021,80.2,65203,2344,7.99,0
201114,IndieGame_1114,Pixel Art,Adventure,2021,79.8,38699,2047,4.99,0
201115,IndieGame_1115,Pixel Art,Platformer,2021,64.6,64058,1894,14.99,0
201116,IndieGame_1116,Hand-Drawn,Simulation,2016,77.9,23319,1269,9.99,0
201117,IndieGame_1117,Pixel Art,Puzzle,2024,79.3,325624,7167,2.99,0
201118,IndieGame_1118,Cartoon,Action,2018,71.5,54782,1315,4.99,0
201119,IndieGame_1119,Pixel Art,Adventure,2017,75.8,485878,6149,12.99,0
201120,IndieGame_1120,Realistic,Horror,2024,69.1,281789,14027,0.0,1
201121,IndieGame_1121,Cartoon,Platformer,2025,75.2,70771,2183,19.99,0
201122,IndieGame_1122,Hand-Drawn,Adventure,2024,82.5,21467,460,2.99,0
201123,IndieGame_1123,Psychedelic,Puzzle,2023,62.4,3273,70,12.99,0
201124,IndieGame_1124,Hand-Drawn,RPG,2022,74.8,12307,677,7.99,0
201125,IndieGame_1125,Voxel,Adventure,2021,58.2,7308,377,7.99,0
201126,IndieGame_1126,Pixel Art,Adventure,2016,87.8,444439,16744,14.99,0
201127,IndieGame_1127,Minimalist,Simulation,2020,58.9,74692,3047,7.99,0
201128,IndieGame_1128,Hand-Drawn,Action,2020,93.5,114914,3874,9.99,0
201129,IndieGame_1129,Hand-Drawn,Horror,2018,95.9,5013,148,0.0,1
201130,IndieGame_1130,Minimalist,Puzzle,2023,77.0,15437,860,0.0,1
201131,IndieGame_1131,Minimalist,Adventure,2021,54.0,188459,3068,4.99,0
201132,IndieGame_1132,Pixel Art,Puzzle,2016,74.4,119914,3708,9.99,0
201133,IndieGame_1133,Pixel Art,Action,2018,77.4,71236,1939,0.99,0
201134,IndieGame_1134,Minimalist,Simulation,2022,69.9,128021,4468,0.99,0
201135,IndieGame_1135,Minimalist,Puzzle,2016,74.8,462822,15218,7.99,0
201136,IndieGame_1136,Voxel,Roguelike,2024,86.3,29146,1047,9.99,0
201137,IndieGame_1137,Realistic,Action,2021,76.6,48906,831,9.99,0
201138,IndieGame_1138,Voxel,Action,2021,61.8,47880,1707,2.99,0
201139,IndieGame_1139,Minimalist,Horror,2021,64.0,1147015,25373,0.0,1
201140,IndieGame_1140,Pixel Art,Platformer,2023,74.7,6844,131,14.99,0
201141,IndieGame_1141,Pixel Art,Simulation,2019,75.9,192966,2555,4.99,0
201142,IndieGame_1142,Realistic,Simulation,2022,75.0,39208,1887,14.99,0
201143,IndieGame_1143,Minimalist,Horror,2021,74.6,128318,4025,14.99,0
201144,IndieGame_1144,Pixel Art,Roguelike,2018,83.1,38621,1596,12.99,0
201145,IndieGame_1145,Hand-Drawn,Puzzle,2024,100.0,67891,3148,2.99,0
201146,IndieGame_1146,Voxel,RPG,2023,79.2,89235,3923,12.99,0
201147,IndieGame_1147,Low Poly,Roguelike,2022,74.5,2430701,81489,12.99,0
201148,IndieGame_1148,Hand-Drawn,Platformer,2024,80.2,189864,5581,9.99,0
201149,IndieGame_1149,Hand-Drawn,Simulation,2024,78.4,26023,749,4.99,0
201150,IndieGame_1150,Pixel Art,Action,2022,89.8,51118,2147,4.99,0
201151,IndieGame_1151,Hand-Drawn,Simulation,2023,75.7,41786,1451,0.99,0
201152,IndieGame_1152,Hand-Drawn,Roguelike,2022,82.5,8346,437,7.99,0
201153,IndieGame_1153,Pixel Art,RPG,2022,78.5,57199,3073,9.99,0
201154,IndieGame_1154,Realistic,Adventure,2022,65.0,108424,2008,4.99,0
201155,IndieGame_1155,Hand-Drawn,Adventure,2023,68.3,15604,262,7.99,0
201156,IndieGame_1156,Cartoon,Horror,2017,79.2,274482,11396,4.99,0
201157,IndieGame_1157,Cartoon,Simulation,2024,75.4,140055,3509,9.99,0
201158,IndieGame_1158,Pixel Art,Simulation,2024,83.0,35218,384,14.99,0
201159,IndieGame_1159,Minimalist,Platformer,2015,74.7,54847,2985,2.99,0
201160,IndieGame_1160,Hand-Drawn,Simulation,2023,94.2,490120,10461,7.99,0
201161,IndieGame_1161,Cartoon,RPG,2017,67.2,188098,10620,2.99,0
201162,IndieGame_1162,Pixel Art,Simulation,2019,95.1,85900,3940,9.99,0
201163,IndieGame_1163,Minimalist,Puzzle,2023,62.5,48870,2352,9.99,0
201164,IndieGame_1164,Low Poly,Roguelike,2017,79.3,63584,1276,14.99,0
201165,IndieGame_1165,Pixel Art,Horror,2023,82.8,45995,998,4.99,0
201166,IndieGame_1166,Pixel Art,RPG,2023,70.0,6800,245,19.99,0
201167,IndieGame_1167,Minimalist,Platformer,2021,84.2,753704,14022,0.0,1
201168,IndieGame_1168,Realistic,Puzzle,2015,82.8,54220,1370,9.99,0
201169,IndieGame_1169,Pixel Art,Puzzle,2019,55.8,137061,3573,0.0,1
201170,IndieGame_1170,Minimalist,Roguelike,2022,85.0,60636,1090,14.99,0
201171,IndieGame_1171,Hand-Drawn,Adventure,2025,57.1,29800,603,7.99,0
201172,IndieGame_1172,Minimalist,RPG,2022,70.3,52001,2570,9.99,0
201173,IndieGame_1173,Pixel Art,Roguelike,2018,94.3,12470,228,12.99,0
201174,IndieGame_1174,Cartoon,Puzzle,2022,70.2,1198963,13695,2.99,0
201175,IndieGame_1175,Pixel Art,Platformer,2021,66.3,19321,801,0.0,1
201176,IndieGame_1176,Hand-Drawn,Roguelike,2023,80.0,20869,1227,14.99,0
201177,IndieGame_1177,Pixel Art,Adventure,2017,98.7,50115,1331,4.99,0
201178,IndieGame_1178,Pixel Art,Puzzle,2023,59.7,398752,6353,0.99,0
201179,IndieGame_1179,Low Poly,Roguelike,2021,64.5,59018,2273,7.99,0
201180,IndieGame_1180,Pixel Art,RPG,2025,93.0,19284,1066,9.99,0
201181,IndieGame_1181,Cartoon,Adventure,2019,94.6,351396,17289,0.0,1
201182,IndieGame_1182,Pixel Art,RPG,2022,77.0,204353,8404,4.99,0
201183,IndieGame_1183,Hand-Drawn,RPG,2024,69.6,137385,3538,0.0,1
201184,IndieGame_1184,Hand-Drawn,RPG,2017,100.0,169957,6304,7.99,0
201185,IndieGame_1185,Pixel Art,Roguelike,2024,93.9,1504003,21901,14.99,0
201186,IndieGame_1186,Pixel Art,Adventure,2022,84.8,1170007,51418,19.99,0
201187,IndieGame_1187,Hand-Drawn,Roguelike,2016,73.9,31582,1460,9.99,0
201188,IndieGame_1188,Hand-Drawn,Roguelike,2019,81.5,505388,29439,2.99,0
201189,IndieGame_1189,Hand-Drawn,Roguelike,2022,80.4,114030,2624,14.99,0
201190,IndieGame_1190,Low Poly,Puzzle,2016,78.3,105568,1153,7.99,0
201191,IndieGame_1191,Low Poly,Simulation,2021,89.5,7611,283,2.99,0
201192,IndieGame_1192,Pixel Art,Action,2019,86.8,69282,3141,14.99,0
201193,IndieGame_1193,Hand-Drawn,Puzzle,2022,71.2,27147,1344,12.99,0
201194,IndieGame_1194,Voxel,Adventure,2016,84.8,102642,2020,12.99,0
201195,IndieGame_1195,Low Poly,Action,2024,78.1,209712,4841,9.99,0
201196,IndieGame_1196,Minimalist,Action,2025,86.9,5392,192,2.99,0
201197,IndieGame_1197,Pixel Art,Action,2025,92.7,82781,2196,2.99,0
201198,IndieGame_1198,Realistic,Simulation,2023,58.9,172931,9169,9.99,0
201199,IndieGame_1199,Realistic,Roguelike,2017,69.6,35968,1211,2.99,0
201200,IndieGame_1200,Low Poly,Horror,2023,69.7,139117,6952,7.99,0
201201,IndieGame_1201,Voxel,Platformer,2015,55.3,57915,2260,12.99,0
201202,IndieGame_1202,Pixel Art,Adventure,2015,81.5,128078,6231,12.99,0
201203,IndieGame_1203,Pixel Art,Horror,2019,100.0,61379,1634,7.99,0
201204,IndieGame_1204,Realistic,Simulation,2021,51.6,10451,538,12.99,0
201205,IndieGame_1205,Cartoon,Simulation,2023,75.7,20305,481,12.99,0
201206,IndieGame_1206,Pixel Art,Platformer,2022,84.4,199113,7427,9.99,0
201207,IndieGame_1207,Pixel Art,Action,2020,79.2,87008,1801,2.99,0
201208,IndieGame_1208,Pixel Art,Roguelike,2019,76.9,71983,2431,4.99,0
201209,IndieGame_1209,Pixel Art,Platformer,2025,65.0,51110,1324,4.99,0
201210,IndieGame_1210,Realistic,Horror,2020,72.3,31200,728,0.99,0
201211,IndieGame_1211,Low Poly,Horror,2020,67.4,203718,11886,4.99,0
201212,IndieGame_1212,Hand-Drawn,Platformer,2017,60.1,48152,866,2.99,0
201213,IndieGame_1213,Hand-Drawn,Simulation,2023,93.9,14402,710,7.99,0
201214,IndieGame_1214,Pixel Art,Adventure,2022,87.6,207479,12284,14.99,0
201215,IndieGame_1215,Pixel Art,RPG,2018,78.5,66473,730,0.99,0
201216,IndieGame_1216,Minimalist,Roguelike,2016,82.3,67495,3033,9.99,0
201217,IndieGame_1217,Voxel,Horror,2022,81.7,261564,5923,9.99,0
201218,IndieGame_1218,Cartoon,Horror,2022,78.2,76099,915,0.99,0
201219,IndieGame_1219,Pixel Art,Platformer,2019,87.0,120261,3625,14.99,0
201220,IndieGame_1220,Cartoon,Roguelike,2025,73.0,18953,1075,9.99,0
201221,IndieGame_1221,Realistic,Platformer,2017,83.1,34572,366,4.99,0
201222,IndieGame_1222,Realistic,Action,2020,73.2,93512,3683,12.99,0
201223,IndieGame_1223,Hand-Drawn,Roguelike,2024,83.9,11136,390,4.99,0
201224,IndieGame_1224,Hand-Drawn,Action,2020,69.3,91622,4917,9.99,0
201225,IndieGame_1225,Pixel Art,Horror,2022,80.9,95928,1362,0.0,1
201226,IndieGame_1226,Pixel Art,Simulation,2020,69.7,89317,3936,12.99,0
201227,IndieGame_1227,Pixel Art,Action,2019,71.6,295078,12985,7.99,0
201228,IndieGame_1228,Pixel Art,Roguelike,2025,69.8,126973,5517,9.99,0
201229,IndieGame_1229,Hand-Drawn,Puzzle,2020,71.3,424262,24232,2.99,0
201230,IndieGame_1230,Realistic,Roguelike,2024,91.2,13658,698,9.99,0
201231,IndieGame_1231,Hand-Drawn,Platformer,2018,95.3,84755,1025,12.99,0
201232,IndieGame_1232,Pixel Art,Action,2018,97.2,94067,3156,7.99,0
201233,IndieGame_1233,Voxel,Adventure,2015,58.8,10532,314,9.99,0
201234,IndieGame_1234,Psychedelic,Puzzle,2022,73.7,126019,3214,7.99,0
201235,IndieGame_1235,Realistic,Simulation,2019,57.1,732358,23850,14.99,0
201236,IndieGame_1236,Voxel,RPG,2024,64.0,37232,1087,7.99,0
201237,IndieGame_1237,Low Poly,Platformer,2020,65.8,106321,3361,12.99,0
201238,IndieGame_1238,Voxel,Platformer,2025,83.4,42056,2479,12.99,0
201239,IndieGame_1239,Pixel Art,Adventure,2018,74.0,36102,521,7.99,0
201240,IndieGame_1240,Hand-Drawn,RPG,2024,92.7,8099,454,4.99,0
201241,IndieGame_1241,Pixel Art,Horror,2023,84.0,36442,1239,7.99,0
201242,IndieGame_1242,Pixel Art,RPG,2023,100.0,15995,658,12.99,0
201243,IndieGame_1243,Pixel Art,Simulation,2024,63.2,656927,33837,2.99,0
201244,IndieGame_1244,Minimalist,Simulation,2023,92.6,56613,1586,7.99,0
201245,IndieGame_1245,Realistic,Puzzle,2022,81.5,29712,936,12.99,0
201246,IndieGame_1246,Low Poly,Horror,2017,65.3,168582,5137,4.99,0
201247,IndieGame_1247,Pixel Art,Platformer,2015,88.1,22121,635,9.99,0
201248,IndieGame_1248,Cartoon,Action,2024,79.4,31077,1748,4.99,0
201249,IndieGame_1249,Minimalist,Simulation,2022,77.7,70532,3628,0.99,0
201250,IndieGame_1250,Hand-Drawn,Adventure,2023,73.8,247445,3823,12.99,0
201251,IndieGame_1251,Minimalist,Adventure,2021,72.8,118677,1828,0.99,0
201252,IndieGame_1252,Pixel Art,Adventure,2017,98.5,114507,3594,4.99,0
201253,IndieGame_1253,Hand-Drawn,Roguelike,2017,82.0,79075,1180,14.99,0
201254,IndieGame_1254,Psychedelic,Horror,2022,80.8,64661,2648,4.99,0
201255,IndieGame_1255,Pixel Art,Horror,2020,70.1,108270,1860,19.99,0
201256,IndieGame_1256,Hand-Drawn,Simulation,2018,74.2,20919,755,19.99,0
201257,IndieGame_1257,Cartoon,Simulation,2021,86.8,82434,854,4.99,0
201258,IndieGame_1258,Minimalist,Adventure,2016,66.5,17920,462,0.0,1
201259,IndieGame_1259,Pixel Art,Horror,2021,73.8,93686,4109,9.99,0
201260,IndieGame_1260,Pixel Art,Horror,2018,78.3,47744,1632,7.99,0
201261,IndieGame_1261,Pixel Art,Simulation,2023,79.1,1789889,105448,0.99,0
201262,IndieGame_1262,Minimalist,Roguelike,2019,78.2,61961,3327,9.99,0
201263,IndieGame_1263,Hand-Drawn,Action,2020,86.0,13350,373,0.0,1
201264,IndieGame_1264,Pixel Art,Action,2015,84.9,72358,888,14.99,0
201265,IndieGame_1265,Voxel,Puzzle,2016,78.3,70867,3705,2.99,0
201266,IndieGame_1266,Low Poly,Horror,2020,65.1,432023,24003,0.99,0
201267,IndieGame_1267,Pixel Art,Platformer,2020,75.2,41900,2138,2.99,0
201268,IndieGame_1268,Low Poly,Action,2022,86.9,8684,142,19.99,0
201269,IndieGame_1269,Minimalist,Puzzle,2019,88.9,173225,10375,9.99,0
201270,IndieGame_1270,Pixel Art,RPG,2022,64.3,16214,371,12.99,0
201271,IndieGame_1271,Pixel Art,Platformer,2024,81.5,50363,2327,7.99,0
201272,IndieGame_1272,Cartoon,Horror,2023,56.2,57257,3172,4.99,0
201273,IndieGame_1273,Hand-Drawn,Action,2015,82.5,66228,1442,4.99,0
201274,IndieGame_1274,Low Poly,Roguelike,2021,94.0,132613,7348,7.99,0
201275,IndieGame_1275,Hand-Drawn,RPG,2017,72.5,31699,807,9.99,0
201276,IndieGame_1276,Pixel Art,Puzzle,2018,69.7,61201,3599,9.99,0
201277,IndieGame_1277,Pixel Art,Action,2025,85.6,83556,2010,4.99,0
201278,IndieGame_1278,Hand-Drawn,Horror,2017,66.6,86158,4968,14.99,0
201279,IndieGame_1279,Pixel Art,Action,2021,71.7,95587,1211,2.99,0
201280,IndieGame_1280,Pixel Art,Simulation,2022,84.0,143431,6520,19.99,0
201281,IndieGame_1281,Cartoon,RPG,2022,69.7,214716,7859,0.0,1
201282,IndieGame_1282,Voxel,Action,2021,68.6,60870,2063,7.99,0
201283,IndieGame_1283,Realistic,Adventure,2015,77.4,77553,1642,4.99,0
201284,IndieGame_1284,Cartoon,Roguelike,2019,80.2,11681,528,7.99,0
201285,IndieGame_1285,Pixel Art,Simulation,2021,80.7,90280,1764,9.99,0
201286,IndieGame_1286,Voxel,Simulation,2016,67.6,67558,2543,7.99,0
201287,IndieGame_1287,Pixel Art,Action,2019,81.7,203849,4619,7.99,0
201288,IndieGame_1288,Voxel,Roguelike,2015,69.8,16556,956,12.99,0
201289,IndieGame_1289,Voxel,Simulation,2016,75.6,17231,196,9.99,0
201290,IndieGame_1290,Minimalist,Platformer,2020,75.0,32637,652,12.99,0
201291,IndieGame_1291,Voxel,RPG,2017,69.2,72333,1599,4.99,0
201292,IndieGame_1292,Low Poly,Platformer,2021,65.1,200557,6157,9.99,0
201293,IndieGame_1293,Pixel Art,Puzzle,2022,77.6,52127,1127,9.99,0
201294,IndieGame_1294,Hand-Drawn,Platformer,2023,73.9,214052,7399,4.99,0
201295,IndieGame_1295,Low Poly,Roguelike,2018,63.9,67263,3606,7.99,0
201296,IndieGame_1296,Pixel Art,Adventure,2017,80.6,73222,3339,4.99,0
201297,IndieGame_1297,Minimalist,Simulation,2017,82.1,50437,1966,2.99,0
201298,IndieGame_1298,Voxel,Roguelike,2022,78.8,93085,1345,2.99,0
201299,IndieGame_1299,Pixel Art,Simulation,2022,73.7,125630,5615,0.99,0
201300,IndieGame_1300,Realistic,Horror,2015,74.1,690663,12653,9.99,0
201301,IndieGame_1301,Psychedelic,Adventure,2024,78.5,14385,709,9.99,0
201302,IndieGame_1302,Psychedelic,Simulation,2016,77.4,74485,1676,19.99,0
201303,IndieGame_1303,Voxel,Platformer,2021,62.7,20136,621,9.99,0
201304,IndieGame_1304,Low Poly,Horror,2022,76.5,20436,562,0.0,1
201305,IndieGame_1305,Voxel,Horror,2024,74.6,37507,1985,14.99,0
201306,IndieGame_1306,Realistic,Puzzle,2022,70.1,53063,866,14.99,0
201307,IndieGame_1307,Pixel Art,Horror,2023,57.1,2819907,107952,7.99,0
201308,IndieGame_1308,Hand-Drawn,Horror,2019,83.6,57725,987,9.99,0
201309,IndieGame_1309,Minimalist,Action,2023,100.0,16746,757,19.99,0
201310,IndieGame_1310,Pixel Art,Adventure,2016,74.4,117950,6517,9.99,0
201311,IndieGame_1311,Minimalist,Platformer,2024,72.7,5391,171,14.99,0
201312,IndieGame_1312,Minimalist,Roguelike,2021,83.7,58208,2002,0.99,0
201313,IndieGame_1313,Pixel Art,Platformer,2023,81.1,86650,4884,2.99,0
201314,IndieGame_1314,Low Poly,Platformer,2020,86.9,150500,5425,7.99,0
201315,IndieGame_1315,Realistic,Action,2022,57.4,144750,4976,9.99,0
201316,IndieGame_1316,Hand-Drawn,RPG,2021,89.3,39345,1531,12.99,0
201317,IndieGame_1317,Pixel Art,Simulation,2023,83.9,70945,3154,19.99,0
201318,IndieGame_1318,Pixel Art,Simulation,2016,76.6,33896,520,7.99,0
201319,IndieGame_1319,Hand-Drawn,Roguelike,2016,85.4,18596,949,0.0,1
201320,IndieGame_1320,Psychedelic,Horror,2018,83.3,58017,1843,12.99,0
201321,IndieGame_1321,Pixel Art,Puzzle,2017,86.7,18436,251,9.99,0
201322,IndieGame_1322,Minimalist,Roguelike,2024,68.6,39521,1948,2.99,0
201323,IndieGame_1323,Pixel Art,RPG,2018,86.2,25750,742,7.99,0
201324,IndieGame_1324,Hand-Drawn,Simulation,2025,81.4,139252,2091,12.99,0
201325,IndieGame_1325,Cartoon,Puzzle,2019,76.7,677510,28244,12.99,0
201326,IndieGame_1326,Realistic,Roguelike,2018,70.7,9438,509,7.99,0
201327,IndieGame_1327,Pixel Art,Puzzle,2023,76.5,9198,500,4.99,0
201328,IndieGame_1328,Hand-Drawn,Platformer,2022,93.9,61979,3587,19.99,0
201329,IndieGame_1329,Pixel Art,Adventure,2021,77.2,86616,4624,9.99,0
201330,IndieGame_1330,Hand-Drawn,Platformer,2021,70.8,93602,946,7.99,0
201331,IndieGame_1331,Minimalist,Action,2022,76.1,38046,1103,4.99,0
201332,IndieGame_1332,Pixel Art,Horror,2018,79.8,66812,3402,12.99,0
201333,IndieGame_1333,Pixel Art,Simulation,2025,90.3,132113,3740,4.99,0
201334,IndieGame_1334,Hand-Drawn,Puzzle,2025,88.0,250932,10056,2.99,0
201335,IndieGame_1335,Psychedelic,Roguelike,2022,64.5,3829,154,7.99,0
201336,IndieGame_1336,Voxel,Horror,2018,95.9,24406,689,4.99,0
201337,IndieGame_1337,Pixel Art,Adventure,2022,80.6,109861,6066,9.99,0
201338,IndieGame_1338,Realistic,Roguelike,2016,82.8,14955,525,0.99,0
201339,IndieGame_1339,Hand-Drawn,Simulation,2015,80.5,574827,19106,9.99,0
201340,IndieGame_1340,Hand-Drawn,Puzzle,2018,87.3,33588,2011,4.99,0
201341,IndieGame_1341,Realistic,Puzzle,2020,78.4,42824,1484,0.0,1
201342,IndieGame_1342,Psychedelic,Platformer,2024,85.2,77952,1474,0.99,0
201343,IndieGame_1343,Voxel,Adventure,2023,81.6,18691,666,14.99,0
201344,IndieGame_1344,Low Poly,Adventure,2023,83.7,6325,320,14.99,0
201345,IndieGame_1345,Hand-Drawn,Simulation,2020,78.8,43046,2102,4.99,0
201346,IndieGame_1346,Realistic,Puzzle,2019,64.3,154777,7650,12.99,0
201347,IndieGame_1347,Pixel Art,Horror,2020,81.3,56734,2575,9.99,0
201348,IndieGame_1348,Low Poly,Adventure,2025,84.3,21004,477,19.99,0
201349,IndieGame_1349,Hand-Drawn,Adventure,2016,79.8,218650,11611,4.99,0
201350,IndieGame_1350,Minimalist,Roguelike,2024,90.7,43704,2389,9.99,0
201351,IndieGame_1351,Pixel Art,Simulation,2021,92.5,46083,908,0.0,1
201352,IndieGame_1352,Pixel Art,Platformer,2020,68.8,101697,1680,7.99,0
201353,IndieGame_1353,Psychedelic,Roguelike,2023,64.6,100864,5928,19.99,0
201354,IndieGame_1354,Pixel Art,Roguelike,2021,76.6,1481347,79127,9.99,0
201355,IndieGame_1355,Low Poly,RPG,2024,78.1,156511,8555,4.99,0
201356,IndieGame_1356,Pixel Art,Action,2024,72.8,341879,18570,0.99,0
201357,IndieGame_1357,Pixel Art,RPG,2020,91.5,46316,1717,9.99,0
201358,IndieGame_1358,Pixel Art,Adventure,2019,82.2,24819,1050,9.99,0
201359,IndieGame_1359,Pixel Art,Puzzle,2021,78.4,91601,3413,4.99,0
201360,IndieGame_1360,Cartoon,Action,2024,61.6,88704,1114,19.99,0
201361,IndieGame_1361,Pixel Art,Action,2018,64.8,23299,1101,0.0,1
201362,IndieGame_1362,Voxel,Puzzle,2022,73.8,30791,1085,4.99,0
201363,IndieGame_1363,Low Poly,Action,2022,53.7,93655,3969,14.99,0
201364,IndieGame_1364,Hand-Drawn,Puzzle,2023,92.1,110956,3898,4.99,0
201365,IndieGame_1365,Low Poly,Action,2017,73.4,106228,3674,4.99,0
201366,IndieGame_1366,Low Poly,Roguelike,2022,100.0,82236,1528,9.99,0
201367,IndieGame_1367,Realistic,Horror,2024,93.1,24489,586,12.99,0
201368,IndieGame_1368,Pixel Art,Simulation,2017,76.2,45877,823,0.99,0
201369,IndieGame_1369,Hand-Drawn,Simulation,2018,80.9,17080,337,14.99,0
201370,IndieGame_1370,Cartoon,RPG,2025,86.0,664104,38948,12.99,0
201371,IndieGame_1371,Psychedelic,Roguelike,2018,90.0,40650,717,2.99,0
201372,IndieGame_1372,Cartoon,Action,2024,59.6,59554,1397,9.99,0
201373,IndieGame_1373,Hand-Drawn,Platformer,2021,64.1,23620,933,7.99,0
201374,IndieGame_1374,Realistic,Puzzle,2018,63.8,1524546,61757,7.99,0
201375,IndieGame_1375,Hand-Drawn,Roguelike,2024,87.8,19859,351,12.99,0
201376,IndieGame_1376,Hand-Drawn,Action,2020,87.0,43036,2138,19.99,0
201377,IndieGame_1377,Pixel Art,Simulation,2021,88.7,140001,6896,0.99,0
201378,IndieGame_1378,Low Poly,Simulation,2019,63.0,119187,2606,7.99,0
201379,IndieGame_1379,Pixel Art,Puzzle,2021,54.8,268317,6555,7.99,0
201380,IndieGame_1380,Hand-Drawn,Platformer,2017,90.6,630048,35849,4.99,0
201381,IndieGame_1381,Cartoon,Action,2020,67.7,143179,7342,4.99,0
201382,IndieGame_1382,Pixel Art,Action,2025,57.8,23936,1074,0.0,1
201383,IndieGame_1383,Pixel Art,Platformer,2018,79.5,62446,881,9.99,0
201384,IndieGame_1384,Pixel Art,Platformer,2022,85.9,122983,3801,7.99,0
201385,IndieGame_1385,Psychedelic,Platformer,2019,71.8,478545,18168,2.99,0
201386,IndieGame_1386,Low Poly,Simulation,2023,70.4,10838,209,12.99,0
201387,IndieGame_1387,Hand-Drawn,Puzzle,2017,80.4,304831,9879,12.99,0
201388,IndieGame_1388,Cartoon,Roguelike,2025,72.3,96796,3876,7.99,0
201389,IndieGame_1389,Cartoon,Horror,2020,62.5,213173,5621,4.99,0
201390,IndieGame_1390,Hand-Drawn,Platformer,2018,74.9,63705,3124,9.99,0
201391,IndieGame_1391,Minimalist,Puzzle,2016,85.2,23652,1230,4.99,0
201392,IndieGame_1392,Realistic,RPG,2017,73.2,110798,2900,4.99,0
201393,IndieGame_1393,Minimalist,Action,2021,81.7,142551,7403,12.99,0
201394,IndieGame_1394,Pixel Art,Action,2019,68.0,272903,4142,0.0,1
201395,IndieGame_1395,Cartoon,Horror,2023,74.2,76764,3983,0.99,0
201396,IndieGame_1396,Low Poly,Horror,2020,53.2,28237,498,0.0,1
201397,IndieGame_1397,Pixel Art,Adventure,2018,79.8,13093,185,2.99,0
201398,IndieGame_1398,Hand-Drawn,RPG,2022,96.3,192464,8100,0.0,1
201399,IndieGame_1399,Pixel Art,Roguelike,2022,63.3,141361,4749,19.99,0
201400,IndieGame_1400,Pixel Art,Horror,2017,72.1,26674,1477,4.99,0
201401,IndieGame_1401,Realistic,Platformer,2017,73.3,23579,663,2.99,0
201402,IndieGame_1402,Pixel Art,Platformer,2015,90.5,48547,1182,4.99,0
201403,IndieGame_1403,Hand-Drawn,Roguelike,2023,77.5,12147,425,14.99,0
201404,IndieGame_1404,Low Poly,Simulation,2022,68.1,21741,713,7.99,0
201405,IndieGame_1405,Pixel Art,RPG,2020,58.3,21803,593,4.99,0
201406,IndieGame_1406,Voxel,Platformer,2024,72.0,23164,1035,14.99,0
201407,IndieGame_1407,Pixel Art,Horror,2023,98.4,35030,1680,7.99,0
201408,IndieGame_1408,Pixel Art,Adventure,2021,80.8,12064,635,4.99,0
201409,IndieGame_1409,Pixel Art,Puzzle,2024,77.8,962717,56456,2.99,0
201410,IndieGame_1410,Pixel Art,Action,2018,81.2,382106,8915,4.99,0
201411,IndieGame_1411,Pixel Art,RPG,2017,77.9,33375,1528,4.99,0
201412,IndieGame_1412,Realistic,Action,2018,61.9,62400,1854,9.99,0
201413,IndieGame_1413,Voxel,Puzzle,2016,79.2,62711,2750,4.99,0
201414,IndieGame_1414,Pixel Art,RPG,2021,80.3,354941,11996,9.99,0
201415,IndieGame_1415,Minimalist,Horror,2024,80.2,24338,1452,0.0,1
201416,IndieGame_1416,Realistic,Puzzle,2015,60.2,166865,7750,2.99,0
201417,IndieGame_1417,Cartoon,Platformer,2017,89.0,40415,2328,7.99,0
201418,IndieGame_1418,Hand-Drawn,Roguelike,2020,88.6,14492,749,14.99,0
201419,IndieGame_1419,Pixel Art,Platformer,2024,72.5,202677,11176,4.99,0
201420,IndieGame_1420,Hand-Drawn,Horror,2019,92.0,338856,17187,9.99,0
201421,IndieGame_1421,Minimalist,Roguelike,2021,75.0,1450811,47815,4.99,0
201422,IndieGame_1422,Cartoon,Platformer,2016,68.2,18486,417,0.99,0
201423,IndieGame_1423,Pixel Art,Puzzle,2017,70.4,196636,5607,0.0,1
201424,IndieGame_1424,Hand-Drawn,Puzzle,2025,64.3,44031,484,4.99,0
201425,IndieGame_1425,Psychedelic,Puzzle,2025,77.7,102402,3706,2.99,0
201426,IndieGame_1426,Cartoon,Action,2015,57.7,13358,470,2.99,0
201427,IndieGame_1427,Voxel,Horror,2025,58.7,8350,302,12.99,0
201428,IndieGame_1428,Realistic,Puzzle,2022,49.2,17736,1041,0.0,1
201429,IndieGame_1429,Hand-Drawn,Platformer,2024,81.1,79156,4398,9.99,0
201430,IndieGame_1430,Low Poly,Adventure,2020,73.5,26873,486,4.99,0
201431,IndieGame_1431,Minimalist,Horror,2021,76.7,143344,4077,7.99,0
201432,IndieGame_1432,Pixel Art,Puzzle,2021,67.6,291466,9093,9.99,0
201433,IndieGame_1433,Low Poly,Adventure,2022,63.3,119096,3337,4.99,0
201434,IndieGame_1434,Minimalist,Roguelike,2017,84.6,453471,22639,4.99,0
201435,IndieGame_1435,Pixel Art,Platformer,2015,72.5,140000,5068,12.99,0
201436,IndieGame_1436,Realistic,Puzzle,2019,73.2,10447,403,14.99,0
201437,IndieGame_1437,Low Poly,Action,2022,66.1,297821,15680,2.99,0
201438,IndieGame_1438,Voxel,Action,2018,72.8,18382,924,0.99,0
201439,IndieGame_1439,Pixel Art,Roguelike,2022,91.0,253446,4209,14.99,0
201440,IndieGame_1440,Pixel Art,Adventure,2025,83.9,561792,25671,4.99,0
201441,IndieGame_1441,Low Poly,Simulation,2016,70.9,100330,3187,9.99,0
201442,IndieGame_1442,Pixel Art,Action,2022,80.6,14115,349,4.99,0
201443,IndieGame_1443,Minimalist,Horror,2020,77.6,21596,269,0.99,0
201444,IndieGame_1444,Realistic,Action,2024,70.1,220072,7562,9.99,0
201445,IndieGame_1445,Pixel Art,Action,2017,74.7,69387,1927,7.99,0
201446,IndieGame_1446,Low Poly,Platformer,2022,73.4,63811,1440,2.99,0
201447,IndieGame_1447,Low Poly,Action,2023,77.1,144175,6449,7.99,0
201448,IndieGame_1448,Hand-Drawn,RPG,2024,72.1,166044,8048,12.99,0
201449,IndieGame_1449,Psychedelic,Puzzle,2022,62.8,55893,1243,9.99,0
201450,IndieGame_1450,Cartoon,Roguelike,2021,62.1,60722,757,0.99,0
201451,IndieGame_1451,Minimalist,Action,2022,64.0,44664,2342,9.99,0
201452,IndieGame_1452,Minimalist,Simulation,2024,67.8,181974,1910,9.99,0
201453,IndieGame_1453,Hand-Drawn,Horror,2021,83.6,139903,7954,12.99,0
201454,IndieGame_1454,Psychedelic,Simulation,2015,64.1,29374,1215,9.99,0
201455,IndieGame_1455,Minimalist,Action,2024,85.1,238155,6214,2.99,0
201456,IndieGame_1456,Realistic,Action,2022,70.3,38544,860,9.99,0
201457,IndieGame_1457,Cartoon,RPG,2022,56.3,28070,293,9.99,0
201458,IndieGame_1458,Pixel Art,Action,2018,84.5,34188,744,0.0,1
201459,IndieGame_1459,Cartoon,Action,2022,84.1,24100,406,7.99,0
201460,IndieGame_1460,Pixel Art,Puzzle,2020,68.1,61298,2489,4.99,0
201461,IndieGame_1461,Hand-Drawn,Simulation,2022,86.2,316440,5799,9.99,0
201462,IndieGame_1462,Hand-Drawn,RPG,2017,73.4,27400,998,2.99,0
201463,IndieGame_1463,Voxel,Simulation,2022,72.0,47644,1882,9.99,0
201464,IndieGame_1464,Cartoon,RPG,2025,63.4,35469,883,14.99,0
201465,IndieGame_1465,Minimalist,Simulation,2016,62.1,47561,558,12.99,0
201466,IndieGame_1466,Realistic,Action,2025,66.2,7349,87,14.99,0
201467,IndieGame_1467,Low Poly,Simulation,2020,73.8,44513,503,19.99,0
201468,IndieGame_1468,Psychedelic,Simulation,2024,69.0,31703,1488,0.0,1
201469,IndieGame_1469,Hand-Drawn,RPG,2023,70.2,137690,3566,9.99,0
201470,IndieGame_1470,Hand-Drawn,Roguelike,2021,78.0,94123,4688,7.99,0
201471,IndieGame_1471,Pixel Art,Adventure,2023,80.7,20177,637,14.99,0
201472,IndieGame_1472,Realistic,RPG,2024,69.6,165289,5396,4.99,0
201473,IndieGame_1473,Realistic,RPG,2020,71.8,57917,2064,19.99,0
201474,IndieGame_1474,Hand-Drawn,RPG,2019,75.3,91353,4170,9.99,0
201475,IndieGame_1475,Pixel Art,Platformer,2022,89.7,84068,1990,12.99,0
201476,IndieGame_1476,Cartoon,Roguelike,2023,64.2,41904,673,0.99,0
201477,IndieGame_1477,Pixel Art,Platformer,2023,82.9,110389,4173,2.99,0
201478,IndieGame_1478,Minimalist,Platformer,2023,91.8,115018,3030,12.99,0
201479,IndieGame_1479,Voxel,RPG,2020,75.8,4670,150,0.0,1
201480,IndieGame_1480,Hand-Drawn,Adventure,2023,80.0,37718,1597,12.99,0
201481,IndieGame_1481,Pixel Art,RPG,2017,72.7,62596,2172,0.0,1
201482,IndieGame_1482,Minimalist,Action,2021,90.4,88392,3625,9.99,0
201483,IndieGame_1483,Cartoon,Adventure,2015,61.8,326582,12152,4.99,0
201484,IndieGame_1484,Low Poly,Platformer,2019,65.3,22973,1079,9.99,0
201485,IndieGame_1485,Voxel,Horror,2019,67.0,20905,946,9.99,0
201486,IndieGame_1486,Pixel Art,Simulation,2020,90.4,45952,1686,4.99,0
201487,IndieGame_1487,Low Poly,Simulation,2022,78.8,22167,974,0.99,0
201488,IndieGame_1488,Minimalist,Roguelike,2020,70.3,42852,2300,0.0,1
201489,IndieGame_1489,Cartoon,Horror,2020,72.9,196698,6218,9.99,0
201490,IndieGame_1490,Pixel Art,Puzzle,2018,71.9,23999,735,7.99,0
201491,IndieGame_1491,Cartoon,Roguelike,2020,68.9,130332,6283,12.99,0
201492,IndieGame_1492,Low Poly,Adventure,2018,84.8,7524,294,7.99,0
201493,IndieGame_1493,Hand-Drawn,Platformer,2016,68.3,36710,497,7.99,0
201494,IndieGame_1494,Pixel Art,Adventure,2022,94.1,57240,3125,7.99,0
201495,IndieGame_1495,Cartoon,Adventure,2022,84.3,582040,6716,0.0,1
201496,IndieGame_1496,Pixel Art,Simulation,2022,88.9,61123,2898,4.99,0
201497,IndieGame_1497,Pixel Art,RPG,2020,73.4,6056,290,19.99,0
201498,IndieGame_1498,Pixel Art,Action,2020,76.5,7721,445,14.99,0
201499,IndieGame_1499,Cartoon,Puzzle,2024,61.7,81251,1032,4.99,0
